n,doss,nom,prenom,cat,00,21,23,25,27,29,31,33,35,41,43,45,110
1,5,SIMON AYMERICH,Andreu,MA30H,00:00:13,00:49:27,01:33:37,02:48:50,04:09:20,05:20:20,06:59:50,08:24:31,09:45:43,10:09:25,11:22:00,12:29:37,13:39:46
2,14,ARSÉNIO,Miguel,EL H,00:00:13,00:51:13,01:36:42,02:52:18,04:14:16,05:28:13,07:12:03,08:34:43,09:50:27,10:12:13,11:26:32,12:34:22,13:44:50
3,17,GREEN,Tyler,MA30H,00:00:13,00:50:46,01:35:19,02:52:42,04:14:19,05:28:31,07:09:21,08:36:47,,10:20:43,11:38:20,12:52:21,14:06:59
4,18,BUTACI,Raul,MA30H,00:00:13,00:49:34,01:33:48,02:49:13,04:10:40,05:19:47,06:58:30,08:27:01,09:51:18,10:16:20,11:35:38,12:54:03,14:15:53
5,1,CAPELL GIL,Pau,MA30H,00:00:13,00:49:32,01:34:13,02:51:44,04:14:25,05:28:59,07:09:50,08:38:52,10:01:31,10:26:54,11:52:23,13:09:01,14:22:28
6,21,LOPEZ,Joaquin,MA30H,00:00:13,00:53:39,01:40:34,02:58:55,04:22:57,05:36:41,07:21:07,08:52:40,10:10:14,10:33:44,11:53:42,13:09:02,14:30:23
7,2,DAUWALTER,Courtney,MA30F,00:00:13,00:54:24,01:43:41,03:05:49,04:31:34,05:49:06,07:30:06,08:56:29,10:15:34,10:38:48,11:58:53,13:18:58,14:40:52
8,19,JOYEUX-BOUILLON,Arthur,EL H,00:00:13,00:50:18,01:35:53,02:55:38,04:20:31,05:34:41,07:18:32,08:48:28,10:11:39,10:36:37,12:01:06,13:26:44,14:53:51
9,15,RUSSI,Jonas,MA30H,00:00:13,00:50:26,01:35:20,02:53:49,,05:34:29,07:18:34,08:48:33,10:11:45,10:36:57,11:59:37,13:28:19,14:59:49
10,23,RIVERO GARCÍA,Estanislao,MA40H,00:00:13,00:55:06,01:44:59,03:09:59,04:41:03,06:03:02,07:46:46,09:22:17,10:43:53,11:07:17,12:24:16,13:42:12,15:10:56
11,22,LUIS TRUJILLO,Ricardo,MA40H,00:00:13,00:55:47,01:44:48,03:09:58,04:38:24,05:57:02,07:38:47,09:09:39,10:36:31,11:00:21,12:26:22,13:54:18,15:12:47
12,139,DAME,Dylan,EL H,00:00:13,00:53:46,01:42:30,03:05:25,04:30:26,05:48:30,07:30:32,09:10:07,10:43:12,11:09:05,12:39:57,14:12:35,15:56:08
13,148,FAUSER,Fabrice,MA30H,00:00:13,00:54:23,01:45:16,03:16:18,04:50:26,06:15:16,08:07:47,09:56:02,11:25:28,11:52:32,13:23:12,14:47:51,16:07:07
14,126,LORENZO BLANCO,Carlos,MA40H,00:00:13,00:53:58,01:43:24,03:10:10,04:41:46,06:07:04,08:02:10,09:46:57,11:22:23,11:44:51,13:24:21,14:49:17,16:18:10
15,70,HANSEL,Guillaume,MA30H,00:00:13,00:52:47,01:40:44,03:05:51,04:31:31,05:52:25,07:45:23,09:28:46,11:08:12,11:37:03,13:17:03,14:55:25,16:22:38
16,6,LOWTHER,Jazmine,MA30F,00:00:13,00:55:17,01:42:25,03:08:56,04:45:21,06:12:38,08:01:26,09:41:36,11:16:15,11:44:51,13:18:25,14:49:35,16:26:54
17,3,TREMPS,Claudia,EL F,00:00:13,00:53:54,01:43:18,03:11:37,04:45:22,06:13:12,08:03:43,09:51:24,11:23:40,11:51:40,13:31:03,15:06:10,16:33:47
18,128,RICHARD,Victor,MA30H,00:00:13,01:01:41,01:57:05,03:30:49,05:08:45,06:34:49,08:30:41,10:17:26,11:50:33,12:16:16,13:43:26,15:21:11,16:57:50
19,120,PIKH,Yuriy,MA30H,00:00:13,00:58:28,01:46:29,03:14:09,04:49:11,06:20:25,08:15:31,09:52:53,11:31:25,11:59:50,13:37:57,15:16:25,17:01:12
20,102,RIUS,Pau,MA30H,00:00:13,01:01:36,01:56:07,03:30:12,05:07:17,06:37:36,08:30:45,10:17:42,11:54:00,12:23:38,14:06:35,15:32:59,17:06:43
21,91,BONFANTE,Marco,MA30H,00:00:13,00:51:13,01:38:58,03:03:25,04:33:03,05:59:40,08:03:39,09:59:07,11:39:59,12:08:50,14:06:15,15:37:19,17:10:35
22,7,HARTMUTH,Katharina,EL F,00:00:13,00:58:23,01:50:08,03:22:02,04:58:32,06:26:53,08:20:51,10:04:12,11:40:57,12:09:48,13:53:25,15:34:09,17:14:00
23,28,LOURENÇO,Guilherme,MA30H,00:00:13,00:52:50,01:38:08,03:03:28,04:36:13,06:06:38,08:00:19,09:45:37,11:23:32,11:51:36,13:52:28,15:34:26,17:16:42
24,157,CAMILLE,Thominet,MA30H,00:00:13,00:53:47,01:43:24,03:12:00,04:46:42,06:13:09,08:07:23,09:56:57,11:42:04,12:19:04,14:08:37,15:43:23,17:19:16
25,149,GUERRA PÉREZ,Cristian,MA40H,00:00:13,00:56:44,01:45:15,03:18:01,04:57:45,06:36:03,08:39:47,10:26:48,12:11:33,12:43:28,14:28:17,15:56:48,17:32:08
26,80,MEINKE,Markus,MA40H,00:00:13,00:54:03,01:45:32,03:19:04,04:58:32,06:32:02,08:29:01,10:18:20,12:06:47,12:41:05,14:28:08,16:01:16,17:33:57
27,97,MONTES LOMBAO,Iván,MA30H,00:00:13,01:01:41,01:56:56,03:32:14,05:08:43,06:36:06,08:31:07,10:23:28,12:11:35,12:40:01,14:27:33,16:02:35,17:47:23
28,137,SANTANA GABAS,Álvaro,MA30H,00:00:13,01:00:19,01:53:08,03:28:23,05:08:25,06:42:47,08:41:12,10:33:53,12:25:27,12:54:17,14:33:38,16:11:53,17:49:40
29,136,ROBLES ZATIKA,Peru,EL H,00:00:13,01:03:06,01:57:37,03:30:50,05:11:37,06:51:11,08:51:27,10:47:50,12:25:30,12:54:28,14:36:26,16:11:55,17:50:19
30,89,FLORES HERNANDEZ,Dani,MA40H,00:00:13,00:58:16,01:54:46,03:33:18,05:16:38,07:01:55,09:06:59,11:02:40,12:50:11,13:17:22,14:52:37,16:21:30,17:51:56
31,712,Sherpa,SANGE,MA40H,00:00:13,00:54:31,01:45:10,03:18:28,04:51:00,06:14:54,08:14:37,10:14:33,12:09:53,12:45:18,14:38:26,16:16:00,17:55:09
32,36,VAN MECHGELEN,Dominique,MA40F,00:00:13,00:59:02,01:55:43,03:32:20,05:16:36,06:51:26,08:49:56,10:48:11,12:33:20,13:02:23,14:38:39,16:16:25,17:57:29
33,143,WESTERLIN,Henrik,MA40H,00:00:13,00:59:14,01:52:53,03:27:05,05:05:17,06:35:44,08:36:04,10:26:03,12:20:14,12:53:05,14:41:56,16:21:28,17:58:26
34,252,DIAS,Edgar,MA30H,00:00:13,00:54:55,01:45:37,03:19:22,04:58:41,06:32:58,08:39:40,10:36:02,12:28:48,,14:46:43,16:24:06,18:06:31
35,106,EHRIN,Stefan,MA30H,00:00:13,00:58:01,01:46:22,03:15:34,04:51:53,06:18:16,08:11:05,09:57:30,11:56:05,12:23:14,14:09:09,16:01:24,18:08:15
36,103,PÉREZ ALONSO,Daniel,MA40H,00:00:13,00:55:53,01:45:27,03:18:34,04:57:44,06:38:11,08:37:49,10:28:44,12:19:58,,14:31:54,16:06:19,18:13:51
37,151,CALDERON  JARE,Luis Fernando,MA40H,00:00:13,01:00:02,01:55:22,03:39:14,05:26:10,07:03:15,09:08:06,11:06:40,12:55:02,13:21:56,14:50:50,16:31:56,18:17:10
38,94,HOURDEBAIGTS,Maxime,EL H,00:00:13,00:55:53,01:48:03,03:28:40,05:15:37,06:59:15,09:09:33,11:09:26,12:59:17,13:30:17,15:13:25,16:48:22,18:17:46
39,535,JOURDAN,Lionel,MA40H,00:00:13,00:56:29,01:46:18,03:20:59,05:04:42,06:40:14,08:48:12,10:48:22,12:35:58,13:11:35,15:03:40,16:44:38,18:18:57
40,240,GARCÍA LÓPEZ,Dionisio Francisco,MA30H,00:00:13,01:04:14,02:00:54,03:41:28,05:28:11,07:02:10,09:10:00,11:02:31,12:48:05,13:19:55,15:01:32,16:37:32,18:19:19
41,123,ARIAS ROZADA,Borja,MA40H,00:00:13,01:00:33,01:55:39,03:36:56,05:21:09,07:00:38,09:11:07,11:05:05,12:56:27,13:26:08,15:09:29,16:48:26,18:19:58
42,92,MATAIGNE,Damien,MA40H,00:00:13,01:07:42,02:09:00,03:52:54,05:34:46,07:11:31,09:14:20,11:06:06,12:49:14,13:20:11,15:08:23,16:49:18,18:28:53
43,27,KLANCNIK POTRC,Martina,MA30F,00:00:13,00:58:44,01:54:33,03:32:26,05:16:43,06:51:17,08:51:12,10:42:48,12:29:04,13:02:12,14:54:46,16:39:22,18:30:08
44,13,BANNWARTH,Claire,MA30F,00:00:13,01:04:10,02:02:27,03:45:12,05:32:28,07:10:56,09:14:07,11:11:46,12:57:36,13:27:38,15:12:23,16:57:06,18:46:35
45,108,HERNANDEZ GRILLO,Aaron Adasat,MA40H,00:00:13,01:04:01,02:02:06,03:41:25,05:21:06,06:52:17,08:56:33,10:58:05,12:54:15,13:24:18,15:09:10,16:55:24,18:49:21
46,63,FLORIDO RAMOS,Jonatan,MA40H,00:00:13,00:58:24,01:52:39,03:31:22,05:15:32,06:56:43,09:01:51,11:10:36,13:18:20,13:46:01,15:36:37,17:20:02,18:52:06
47,155,VALES,Jiri,EL H,00:00:13,01:01:40,01:57:40,03:33:04,05:20:17,06:51:43,09:05:17,11:05:37,12:49:51,13:18:58,15:11:10,17:05:06,18:52:13
48,133,ARVIK,Therese,EL F,00:00:13,00:59:43,01:53:30,03:30:05,05:09:37,06:43:46,08:52:15,11:06:38,13:00:03,13:32:25,15:35:36,17:20:17,18:54:58
49,419,PONTONNIER,Teddy,MA50H,00:00:13,01:04:02,02:03:24,03:46:30,05:32:36,07:10:43,09:28:00,11:30:16,13:21:17,13:54:37,15:37:26,17:18:47,18:57:40
50,392,NOLAN,Rachel,MA30F,00:00:13,01:04:11,02:01:26,03:41:59,05:25:17,06:59:14,09:10:50,11:09:25,13:01:30,,15:30:32,17:21:52,18:59:18
51,121,DIGUET,Christophe,MA40H,00:00:13,01:00:52,01:56:33,03:32:29,05:17:43,06:53:23,09:05:44,11:06:23,12:53:36,13:22:57,15:21:15,17:12:39,18:59:32
52,58,CORTÉS ARIN,Ander,MA40H,00:00:13,01:00:34,01:57:36,03:43:15,05:28:06,07:16:06,09:23:43,11:23:12,13:13:33,13:46:17,15:44:37,17:20:43,19:00:23
53,61,HANNA,Myvanwy,MA30F,00:00:13,01:04:13,02:02:57,03:45:48,05:38:25,07:21:50,09:36:31,11:38:15,13:26:06,14:01:05,15:45:26,17:23:34,19:08:42
54,202,MELO,Miguel,MA40H,00:00:13,01:09:36,02:13:49,04:00:10,05:47:37,07:39:03,09:39:35,11:31:37,13:18:17,13:47:52,15:45:35,17:27:27,19:11:10
55,398,MUNTANYA AGUIILAR,Marc,MA40H,00:00:13,01:07:27,02:04:43,03:50:34,05:36:02,07:22:18,09:31:37,11:31:11,13:19:28,13:51:13,15:47:17,17:33:18,19:17:01
56,146,LAHOUSSINE,Damien,MA30H,00:00:13,01:05:27,02:06:14,03:52:54,05:47:02,07:39:51,10:03:16,12:05:13,13:58:40,14:30:01,16:07:51,17:42:18,19:21:38
57,437,ORTEGA SANTANA,Rogelio Alberto,MA40H,00:00:13,01:06:34,02:06:25,03:58:17,05:50:59,07:39:23,09:54:44,11:49:24,13:28:41,,15:44:36,17:24:49,19:23:26
58,498,SANTANA MOLINA,Paulino Sergio,MA50H,00:00:13,01:07:05,02:07:01,03:47:15,05:42:38,07:34:20,09:41:39,11:45:11,13:41:04,14:11:01,15:58:21,17:40:19,19:24:51
59,277,RODRIGUEZ RUIZ,Isaac,MA40H,00:00:13,01:15:06,02:23:40,04:15:58,06:04:13,07:39:24,09:57:00,11:45:34,13:26:53,13:57:54,15:51:58,17:41:29,19:27:36
60,477,NAVARRO GARCIA,Oliver,MA30H,00:00:13,01:05:15,02:06:13,04:01:21,05:56:58,07:43:09,09:58:53,11:49:29,13:34:12,14:03:42,15:46:50,17:39:30,19:27:49
61,24,MUIXÍ CASALDÀLIGA,Marta,MA30F,00:00:13,01:02:13,02:01:07,03:42:06,05:26:00,07:03:25,09:15:47,11:21:10,13:24:26,13:58:42,15:55:00,17:42:06,19:31:28
62,564,VIVAR DEL BARRIO,Mikel,MA40H,00:00:13,01:09:08,02:08:48,03:55:21,05:43:35,07:30:51,09:42:00,11:44:54,13:38:01,14:09:40,16:10:38,17:53:03,19:34:03
63,413,HAGEN,Eivind,EL H,00:00:13,01:03:12,02:00:15,03:38:38,05:17:40,06:56:46,09:07:07,11:12:37,13:08:34,,15:48:48,17:49:49,19:44:56
64,134,BANJAC,Duško,MA30H,00:00:13,01:07:39,02:07:15,03:53:13,05:43:13,07:32:26,09:33:50,11:36:36,13:32:13,14:11:41,16:18:11,18:04:14,19:47:34
65,138,DOMINGUEZ DOMINGUEZ,Nestor,MA40H,00:00:13,01:05:42,02:05:58,03:54:03,05:42:08,07:21:56,09:27:56,11:30:14,13:31:27,14:05:49,16:02:39,17:54:21,19:49:37
66,386,NÚÑEZ GONZÁLEZ,Hugo,MA30H,00:00:13,01:06:08,02:06:18,04:01:30,05:57:11,07:39:48,09:48:16,11:50:07,13:48:47,14:20:04,16:02:39,17:54:29,19:49:40
67,84,COSSEY,Joseph,MA30H,00:00:13,01:11:01,02:14:08,04:06:55,06:03:20,07:44:03,10:00:40,12:06:56,14:02:49,14:33:15,16:32:21,18:13:45,19:50:46
68,150,NÁCAR ARROYO,Serapio,MA40H,00:00:13,00:57:11,01:50:30,03:32:27,05:20:21,07:13:54,09:29:27,11:45:01,13:44:46,14:10:47,15:54:01,17:58:07,19:54:41
69,480,IZQUIERDO CANO,Javier,MA30H,00:00:13,01:07:07,02:03:59,03:43:13,05:21:15,07:07:31,09:12:44,11:17:31,13:19:08,13:50:39,16:00:53,17:48:18,19:54:50
70,445,CARRERAS BETHENCOURT,Ezequiel,MA40H,00:00:13,01:06:53,02:06:43,04:04:37,06:00:03,07:42:48,10:07:50,12:11:15,13:59:48,14:32:48,16:24:02,18:14:32,19:56:40
71,142,WILSDORF,Stefan,MA30H,00:00:13,01:04:49,02:02:04,03:44:32,05:34:48,07:19:47,09:31:49,11:48:52,13:50:25,14:23:42,16:22:12,18:07:31,20:01:43
72,90,RODRIGUEZ CARDONA,Samuel,MA40H,00:00:13,01:05:41,02:03:37,03:47:00,05:37:12,07:21:55,09:37:14,11:44:34,14:10:26,15:06:26,16:54:11,18:24:16,20:05:21
73,78,PEREZ SUAREZ,Salvador,MA50H,00:00:13,01:03:56,02:02:03,03:53:01,05:44:38,07:30:41,09:41:38,11:49:35,13:46:10,14:21:27,16:23:11,18:13:16,20:07:56
74,521,ÅNEVALL,Linus,MA30H,00:00:13,01:06:39,02:07:40,03:57:59,05:45:16,07:28:41,09:32:59,11:35:26,13:27:43,14:11:33,16:14:57,18:07:52,20:10:26
75,67,FULTON,Grant,MA30H,00:00:13,01:01:38,01:59:18,03:42:26,05:22:52,07:03:09,09:15:33,11:17:22,13:18:54,13:50:22,15:51:16,17:50:52,20:11:24
76,388,FRANQUIS SIEIRO,Blas,MA40H,00:00:13,01:07:18,02:06:53,03:57:05,05:51:33,07:42:47,10:07:49,12:19:12,14:14:09,14:47:21,16:43:59,18:21:16,20:16:06
77,634,AZEVEDO SILVIA,Fernando,MA40H,00:00:13,01:10:22,02:12:13,04:06:25,06:01:34,07:48:31,10:06:16,12:18:14,14:15:49,14:52:44,16:58:13,18:36:06,20:16:19
78,118,MEDINA SÁNCHEZ,Jehosua,MA30H,00:00:13,01:11:11,02:14:47,04:01:25,05:53:08,07:35:41,09:48:04,11:48:49,13:39:51,14:14:08,16:22:35,18:22:21,20:16:50
79,281,SOMPPI,Antti,MA30H,00:00:13,01:17:17,02:23:32,04:14:24,06:04:45,07:42:51,09:45:41,11:46:28,13:53:48,14:26:33,16:34:25,18:26:53,20:19:03
80,93,BOURGOIN,Pierre,MA30H,00:00:13,01:03:18,01:59:17,03:42:44,05:34:45,07:32:20,09:43:43,11:44:59,13:43:57,14:19:35,16:27:24,18:19:57,20:20:52
81,140,RUDĪTIS,Rolands,MA30H,00:00:13,01:03:40,02:01:18,03:50:18,05:47:09,07:32:20,09:56:52,12:11:03,14:27:37,15:01:29,16:54:46,18:40:31,20:22:40
82,56,FREDIANI,Gilles,MA40H,00:00:13,01:02:08,01:59:23,03:46:01,05:38:03,07:25:36,09:42:44,11:48:12,13:52:10,14:31:07,16:41:38,18:29:49,20:36:16
83,490,JONSSON,Thomas,MA50H,00:00:13,01:09:31,02:15:06,04:03:00,05:56:33,07:38:36,09:49:46,11:56:44,14:04:21,14:38:55,16:35:52,18:30:36,20:38:30
84,257,EXPOSITO PEREZ,Adrian,MA30H,00:00:13,01:10:54,02:15:05,04:11:53,06:07:57,07:58:20,10:15:18,12:19:39,14:14:10,14:47:00,16:46:20,18:36:50,20:40:29
85,88,SUNDTOFT,Thomas,MA40H,00:00:13,01:13:19,02:16:48,04:02:03,05:56:11,07:39:30,09:52:30,11:57:56,14:03:39,14:41:43,16:40:34,18:35:48,20:41:33
86,350,VON RAUMER,Jakob,MA30H,00:00:13,01:05:02,02:04:19,03:46:41,05:32:17,07:07:35,09:14:15,11:20:49,13:31:39,14:12:16,16:42:52,18:41:00,20:45:23
87,68,FUENTES FUENTES,Eduardo,MA40H,00:00:13,01:00:35,01:56:30,03:44:28,05:32:31,07:28:26,09:48:11,11:57:25,14:08:26,14:42:15,16:58:42,18:55:52,20:51:28
88,517,LEWIS,Tommy,EL H,00:00:13,01:06:12,02:04:26,03:52:58,05:41:52,07:30:53,09:40:39,11:41:08,14:05:11,14:40:33,16:57:18,18:56:17,20:52:18
89,129,BIENIEK,Grzegorz,MA30H,00:00:13,01:04:15,02:03:43,03:55:49,05:43:26,07:26:46,09:37:28,11:47:06,14:13:50,14:58:51,17:15:42,19:01:59,20:53:50
90,311,ARRUTI BASTERRETXEA,Aritz,MA40H,00:00:13,01:12:22,02:16:48,04:03:37,05:51:08,07:40:36,09:52:22,11:59:36,14:02:33,14:41:12,16:41:46,18:33:42,20:56:36
91,117,MORENO VELÁZQUEZ,Antonio,MA30H,00:00:13,01:05:33,02:07:51,04:06:36,06:02:54,08:03:39,10:53:45,12:52:13,14:51:14,15:41:49,17:29:10,19:15:04,21:00:36
92,230,SZOTOWICZ,Sebastian,MA40H,00:00:13,01:04:16,02:04:53,04:03:18,05:58:17,07:54:31,10:18:18,12:31:35,14:36:59,15:10:53,17:19:04,19:09:28,21:02:30
93,391,CABRIOLU,Gian Franco,MA40H,00:00:13,01:08:05,02:09:33,04:01:15,05:56:25,07:37:49,10:00:27,12:16:14,14:24:11,15:02:25,17:20:19,19:09:31,21:02:30
94,438,SOLBAKKEN,Kristin,MA30F,00:00:13,01:07:26,02:09:17,04:02:11,05:54:09,07:32:55,09:46:51,11:55:20,14:00:23,14:39:37,16:52:56,18:55:27,21:05:37
95,430,DE LA TORRE FUENTES,Armando Humberto,MA40H,00:00:13,01:06:57,02:10:49,04:11:45,06:10:52,08:08:17,10:21:58,12:17:33,14:18:14,14:50:42,16:50:41,18:52:27,21:11:53
96,33,CASTRO CHACON,Yasmina,EL F,00:00:13,01:12:59,02:18:15,04:11:51,06:17:28,08:07:58,10:11:25,12:15:51,14:14:31,14:47:40,16:47:39,18:52:29,21:12:46
97,532,COLLANTES PEÑA,Martin,MA30H,00:00:13,01:08:49,02:06:27,03:56:38,05:41:07,07:24:37,09:36:53,11:36:56,13:38:26,14:15:38,16:34:55,18:44:42,21:20:30
98,403,HESLOP,Claire,MA40F,00:00:13,01:07:45,02:12:10,04:08:25,06:05:24,07:58:30,10:15:13,12:17:41,14:16:08,14:54:20,17:20:06,19:14:34,21:21:07
99,485,BORREDA CAPELLA,Francisco Javier,MA50H,00:00:13,01:04:15,02:04:16,04:06:31,06:07:14,07:59:34,10:17:33,12:25:29,14:28:49,15:04:48,17:20:04,19:10:12,21:21:33
100,620,TOLEDO PADILLA,Hector,MA30H,00:00:13,01:13:52,02:19:04,04:14:02,06:11:12,07:57:39,10:15:18,12:22:42,14:27:24,15:04:34,17:07:46,19:16:18,21:25:41
101,144,GONZALEZ LLERA,David,MA30H,00:00:13,01:03:58,02:03:40,03:58:08,05:52:18,07:40:58,10:02:53,12:15:58,14:19:00,14:55:05,17:02:59,19:13:20,21:32:57
102,565,QUINTANA GARCÍA,Gustavo,MA40H,00:00:13,01:03:13,02:02:53,03:59:02,05:59:01,07:48:21,10:14:34,12:32:43,14:42:34,15:23:55,17:31:37,19:29:24,21:38:18
103,497,BRUN,Nicolas,MA30H,00:00:13,01:08:02,02:11:31,04:09:58,06:25:46,08:26:42,10:57:02,13:26:03,15:48:51,16:22:41,18:02:15,19:43:10,21:39:25
104,83,BUDINSKI,Milan,MA40H,00:00:13,01:05:11,02:08:05,04:04:07,05:56:52,07:55:44,10:11:32,12:22:57,14:31:59,15:10:04,17:30:18,19:31:20,21:43:19
105,162,PÉREZ TORRES,Emilio José,MA40H,00:00:13,01:03:34,02:03:30,04:01:30,06:02:52,07:50:19,10:16:37,12:32:31,14:40:36,15:41:24,17:41:44,19:40:34,21:46:30
106,647,KALVELYTE,Viktorija,MA30F,00:00:13,01:14:02,02:18:07,04:08:15,06:01:48,07:50:24,10:12:42,12:29:15,14:35:41,15:17:27,17:39:35,19:43:28,21:46:33
107,559,HOULLE,Xavier,MA30H,00:00:13,01:00:50,02:01:04,03:58:19,06:04:31,08:06:13,10:21:34,12:41:09,14:51:43,15:31:49,17:44:26,19:42:24,21:59:38
108,135,DANIEL,Müller,EL H,00:00:13,01:15:23,02:21:55,04:16:26,06:12:23,08:07:58,10:23:31,12:37:59,15:00:23,15:35:18,17:36:26,19:35:21,22:06:49
109,560,SUCHOMEL,Jan,MA40H,00:00:13,01:13:53,02:21:12,04:18:28,06:12:09,07:55:36,10:11:17,12:38:00,14:56:25,15:28:48,17:47:48,19:49:36,22:09:02
110,261,HOLM,Hallur,MA50H,00:00:13,01:12:43,02:17:20,04:18:30,06:10:56,07:53:20,10:08:57,12:17:57,14:36:28,15:22:03,17:39:08,19:53:03,22:09:55
111,367,NICOLAS,Fortineau,MA40H,00:00:13,01:02:03,02:02:43,04:01:28,06:05:39,07:58:11,10:23:49,12:36:59,14:52:40,15:33:06,17:53:47,19:59:30,22:10:14
112,98,MOYA REINA,Francisco Jose,MA40H,00:00:13,01:03:47,02:03:42,04:05:16,06:03:22,08:00:19,10:21:03,12:41:47,14:57:15,15:33:48,17:49:07,19:47:32,22:10:20
113,322,CALDERA,Michael,MA30H,00:00:13,01:20:15,02:35:26,04:54:08,06:59:39,08:45:59,11:10:45,13:25:04,15:29:13,16:05:27,18:12:47,20:10:27,22:12:30
114,101,MENINI,Oscar,MA30H,00:00:13,01:05:44,02:06:41,04:06:07,06:02:42,07:52:58,10:08:39,12:22:31,14:55:24,15:35:36,17:57:15,19:59:58,22:14:43
115,306,GUILLEMAIN,Philippe,VE H,00:00:13,01:10:56,02:15:07,04:10:55,06:05:55,07:52:52,10:20:27,12:38:40,14:44:06,15:21:48,17:40:03,19:50:06,22:17:38
116,457,ROMERO LUZARDO,Alejandro,MA40H,00:00:13,01:18:53,02:27:22,04:36:19,06:43:10,08:29:49,10:58:04,13:18:27,15:28:39,16:03:31,18:12:14,20:17:40,22:22:41
117,308,AMEZAGA ETXEBARRIA,Endika,MA30H,00:00:13,01:16:24,02:22:53,04:27:21,06:29:03,08:22:02,10:48:11,12:54:48,15:04:59,15:40:05,17:57:49,20:01:29,22:23:01
118,407,VILAR PEÑA,Nichel,MA30H,00:00:13,01:07:12,02:04:01,04:02:57,06:05:25,07:53:00,10:15:22,12:44:42,15:07:46,15:45:54,18:12:44,20:17:57,22:26:18
119,258,HERNÁNDEZ DE LA IGLESIA,Alfredo Justo,MA40H,00:00:13,01:07:21,02:09:09,04:10:36,06:12:18,08:15:34,10:53:26,12:51:12,15:01:18,15:40:12,17:57:53,20:02:44,22:26:20
120,433,GARCÍA CLEMENTE,Alfonso,MA40H,00:00:13,01:10:42,02:13:27,04:17:11,06:22:36,08:23:28,11:03:14,13:22:19,15:28:39,16:06:17,18:20:50,20:21:07,22:27:25
121,450,MORENO ALVAREZ,Javier,MA50H,00:00:13,01:10:42,02:13:28,04:17:12,06:22:37,08:23:32,11:03:13,13:22:20,15:28:42,16:06:16,18:13:44,20:21:08,22:27:26
122,73,PADRÓN GONZÁLEZ,Javier,MA40H,00:00:13,01:04:01,02:02:06,04:00:57,06:04:41,07:54:40,09:53:46,12:17:21,14:51:17,15:31:40,17:56:20,20:06:51,22:33:52
123,81,SIEGER,Philipp,MA30H,00:00:13,01:03:53,02:04:22,04:01:38,06:04:28,08:04:57,10:22:23,12:34:46,14:37:11,15:27:03,17:57:06,20:05:39,22:34:13
124,461,NAVARRO GODIÑO,Santiago,MA40H,00:00:13,01:10:38,02:16:41,04:20:25,06:20:03,08:15:43,10:40:51,12:59:42,15:12:44,15:53:20,18:21:52,20:26:29,22:39:50
125,327,SÁNCHEZ PÉREZ,Andres,MA30H,00:00:13,01:09:03,02:11:52,04:13:09,06:06:05,08:08:54,10:35:15,12:52:16,14:58:42,15:37:36,18:03:09,20:17:50,22:43:37
126,501,GRAU SANTOS,Joan,MA40H,00:00:13,01:15:16,02:24:56,04:33:54,06:40:25,08:35:36,11:04:02,13:24:41,15:41:09,16:17:33,18:36:29,20:36:09,22:48:26
127,533,MARTEL RODRIGUEZ,Roberto,MA50H,00:00:13,01:08:42,02:15:57,04:28:44,06:42:09,08:40:58,11:15:53,13:44:22,15:55:13,16:34:52,18:54:30,20:49:38,22:48:50
128,130,HORSTKÖTTER,Maja,EL F,00:00:13,01:03:33,02:02:12,03:56:30,05:51:02,07:37:58,10:05:17,12:33:34,14:52:05,15:31:44,18:10:01,20:20:38,22:48:54
129,324,MORENO BELTRÁN,Juan,MA40H,00:00:13,01:04:22,02:02:11,03:56:27,05:56:07,08:04:57,10:26:41,12:49:23,15:15:13,15:53:20,18:16:39,20:18:17,22:49:20
130,205,MONTESDEOCA NAVARRO,Manuel Jesus,MA40H,00:00:13,01:10:23,02:13:32,04:16:34,06:16:03,08:08:02,10:37:18,12:58:24,15:12:46,15:53:18,18:21:53,20:26:31,22:50:45
131,561,DECHNIK,Pierre,MA40H,00:00:13,01:05:20,02:03:12,04:08:02,06:10:43,08:15:23,10:52:23,13:17:44,15:39:23,16:22:41,18:36:24,20:41:53,22:51:34
132,269,FARIAS,Cristian Gabriel,MA40H,00:00:13,01:16:09,02:23:28,04:29:51,06:35:53,08:42:16,11:19:15,13:39:39,15:55:28,16:32:35,18:55:01,20:52:16,22:55:49
133,51,BAGRÉAUX,Bastien,MA30H,00:00:13,01:07:34,02:18:12,04:30:10,06:39:02,08:44:08,11:04:15,13:44:25,16:01:52,16:47:36,18:56:15,21:05:31,23:03:30
134,443,POUILLOUX,Ludovic,MA40H,00:00:13,01:03:42,02:02:40,04:01:23,06:08:14,08:05:21,10:39:16,13:17:43,15:55:39,16:35:31,18:44:04,20:54:04,23:03:49
135,462,YÁNEZ TADEO,Kevin,MA30H,00:00:13,01:22:09,02:39:43,04:48:17,06:57:19,08:58:43,11:35:14,13:52:04,16:09:35,16:49:44,19:04:34,20:50:46,23:04:54
136,613,LAMBELET,Cédric,MA50H,00:00:13,01:09:39,02:13:04,04:17:35,06:20:19,08:11:20,10:35:15,12:56:53,15:02:56,15:41:35,17:56:52,20:16:50,23:05:34
137,410,KYLÄNEN,Kimmo,MA50H,00:00:13,01:14:39,02:25:07,04:22:29,06:26:50,08:23:32,10:43:44,12:52:18,15:02:52,15:41:26,18:09:52,20:31:20,23:05:59
138,65,GARCÍA UFARTE,Manuel,MA40H,00:00:13,01:20:03,02:35:52,04:56:17,07:11:24,09:00:06,11:29:04,13:38:48,15:46:12,16:21:30,18:37:35,20:40:14,23:06:05
139,216,COLLS AVILA,Oscar,MA40H,00:00:13,01:14:57,02:25:24,04:23:22,06:28:11,08:25:12,10:43:09,12:59:36,15:29:39,16:04:45,18:34:00,20:56:36,23:07:09
140,555,IZQUIERDO JUANDO,Roger,MA40H,00:00:13,01:15:31,02:29:04,04:37:24,06:40:32,08:43:36,11:15:23,13:51:00,16:19:03,16:53:44,19:00:12,20:55:34,23:13:38
141,399,FERNÁNDEZ ALONSO,Ruben,MA40H,00:00:13,01:14:15,02:23:03,04:22:17,06:30:04,08:23:22,11:01:11,13:25:49,15:53:03,16:31:58,18:57:37,21:09:26,23:14:06
142,528,GUNTURIZ MARTINEZ,Miguel,MA40H,00:00:13,01:14:06,02:20:47,04:22:05,06:25:33,08:21:59,11:00:26,13:17:36,15:37:25,16:15:24,18:33:51,20:43:21,23:15:44
143,506,COLINA SISNIEGA,David,MA30H,00:00:13,01:19:45,02:35:29,04:54:54,07:04:18,08:57:22,11:10:12,13:22:28,15:36:20,16:15:46,18:21:00,20:36:09,23:18:44
144,316,BUCHINGER,Julian,EL H,00:00:13,01:24:35,02:41:32,04:54:07,06:57:59,08:53:08,11:22:06,13:44:11,16:06:22,16:43:55,18:58:57,21:04:29,23:19:46
145,507,ESPINAR GARCÍA,Francisco Javier,MA40H,00:00:13,01:10:14,02:12:14,04:03:37,06:01:49,07:43:45,10:15:48,12:36:31,15:09:31,15:51:24,18:39:59,20:52:30,23:19:56
146,251,FRÉDÉRIC,Morales,MA30H,00:00:13,01:04:00,02:01:09,03:59:18,06:00:38,07:53:53,10:32:26,13:03:46,15:38:29,16:17:34,18:55:29,21:15:53,23:22:54
147,353,BOUAZZA,Pierrick,MA40H,00:00:13,01:05:30,02:03:21,03:51:27,05:42:23,07:46:14,10:11:32,12:23:45,16:01:58,16:36:24,19:16:36,21:15:59,23:22:54
148,345,EVANGELISTI,Michele,MA40H,00:00:13,01:15:49,02:23:51,04:25:02,06:31:13,08:40:21,11:11:34,13:38:35,15:49:33,16:31:29,19:02:41,21:10:56,23:23:10
149,640,KOMOROWSKI,Adam,MA40H,00:00:13,01:17:41,02:27:22,04:31:13,06:39:38,08:35:28,11:12:53,13:44:31,16:14:23,16:53:31,18:56:40,21:10:58,23:24:30
150,111,GUZMÁN LORENZO,Enrique,MA40H,00:00:13,01:03:20,01:59:22,03:48:09,05:47:33,07:37:49,09:58:43,12:19:29,14:49:55,15:39:08,18:01:21,20:33:17,23:28:24
151,60,RISK,Alan,MA30H,00:00:13,01:05:29,02:04:13,03:56:38,05:58:57,07:49:40,10:14:40,12:36:31,15:09:34,15:51:25,18:47:48,21:13:35,23:28:40
152,354,XICOY ESPAULELLA,Efren,MA30H,00:00:13,01:12:53,02:17:49,04:20:38,06:25:19,08:26:23,10:54:29,13:32:27,16:01:38,16:41:59,19:01:22,21:13:37,23:28:44
153,214,JÉRÉMY,Pape,MA30H,00:00:13,01:09:37,02:13:20,04:15:47,06:25:27,08:33:55,11:15:22,13:45:23,16:14:08,16:57:55,19:19:58,21:34:31,23:31:32
154,86,CURBELO GUERRA,Agoney,MA40H,00:00:13,01:09:15,02:09:13,03:57:29,06:01:52,07:54:53,10:31:21,13:08:35,15:54:18,16:36:28,18:54:12,21:29:22,23:33:05
155,332,PÉREZ FARIÑA,Sergio Manuel,MA30H,00:00:13,01:14:34,02:22:55,04:29:19,06:36:47,08:36:17,11:21:25,13:57:52,16:20:39,16:58:55,19:19:11,21:25:27,23:35:08
156,378,DUROND,Aurelien,MA30H,00:00:13,01:04:43,02:03:36,04:06:14,06:05:43,08:21:35,11:07:07,13:46:18,16:01:59,16:51:59,19:37:10,21:46:29,23:35:19
157,411,ORLIANGE,Laure,MA40F,00:00:13,01:17:28,02:29:10,04:45:34,06:57:13,09:09:51,11:34:56,13:53:13,16:07:28,16:47:01,19:09:21,21:24:08,23:37:38
158,349,PÉREZ RUIZ,Francisco,MA30H,00:00:13,01:15:44,02:24:58,04:34:28,06:41:03,08:36:37,11:12:28,13:35:37,15:49:34,16:26:09,18:45:06,21:03:47,23:38:28
159,107,VELASQUEZ DUQUE,Jesus David,MA30H,00:00:13,01:05:16,02:08:01,04:49:50,07:10:54,09:15:39,11:49:59,14:23:32,16:45:27,17:21:26,19:33:29,21:41:29,23:39:31
160,280,NORDGREN,Marcus,MA40H,00:00:13,01:14:19,02:19:57,04:19:33,06:16:50,08:07:52,10:32:00,12:47:53,15:14:00,15:52:21,18:30:01,20:56:35,23:46:17
161,69,BERTEAU,Franck,MA30H,00:00:13,01:06:58,02:13:02,04:15:26,06:21:16,08:18:47,10:56:22,13:27:46,15:48:49,16:28:32,19:02:38,21:24:00,23:48:23
162,544,RAMÍREZ DÍAZ,Alejandro,MA30H,00:00:13,01:11:04,02:16:50,04:19:15,06:25:03,08:26:32,11:01:13,13:30:04,15:50:10,16:32:07,18:59:18,21:12:04,23:57:57
163,439,PIRLOT,Pierre-Olivier,MA50H,00:00:13,01:12:41,02:20:59,04:25:40,06:37:33,08:42:27,11:22:45,13:52:38,16:12:02,16:49:48,19:12:51,21:36:31,00:04:54
164,82,SPIVAK,Roman,MA40H,00:00:13,01:08:15,02:23:43,05:00:57,07:14:09,09:27:48,12:05:14,14:28:07,16:43:10,17:20:56,19:52:26,21:53:48,00:05:56
165,420,MARRERO PADRON,Ardiel,MA40H,00:00:13,01:14:29,02:21:28,04:33:50,06:41:01,08:38:48,11:10:43,13:40:07,16:02:39,16:44:40,19:05:49,21:39:54,00:11:50
166,405,ITO,Yuki,MA30H,00:00:13,01:13:13,02:18:35,04:14:55,06:23:36,08:25:43,11:00:10,13:23:14,15:37:28,16:15:49,18:47:57,21:35:26,00:13:57
167,708,GONZALEZ,Ulf,MA30H,00:00:13,01:18:53,02:29:07,04:25:45,06:26:29,08:28:42,11:01:25,13:34:51,15:57:00,16:38:28,19:11:11,21:36:29,00:16:50
168,225,FORSMAN,Per,MA50H,00:00:13,01:14:41,02:23:32,04:25:45,06:26:28,08:28:44,11:01:24,13:34:52,15:57:04,16:38:29,19:11:12,21:36:21,00:16:50
169,351,GONZÁLEZ,César,MA30H,00:00:13,01:10:51,02:17:40,04:22:48,06:33:18,08:26:46,11:04:46,13:38:41,15:48:10,16:24:07,18:53:58,21:29:31,00:17:09
170,217,CABELLO SÁNCHEZ,Pablo,MA30H,00:00:13,01:12:24,02:17:42,04:23:03,06:27:56,08:25:07,10:56:17,13:39:39,16:03:06,16:45:25,19:21:32,21:45:03,00:17:25
171,339,LOZANO LOBO,Raúl,MA40H,00:00:13,01:13:39,02:20:45,04:20:53,06:25:38,08:28:10,11:02:07,13:40:33,16:03:07,16:45:09,19:21:33,21:50:16,00:17:27
172,495,BONNEAU,Nicolas,MA40H,00:00:13,01:14:38,02:20:56,04:31:38,06:49:39,08:50:52,11:32:53,14:08:12,16:37:20,17:15:18,19:38:03,22:03:10,00:18:53
173,479,CONCEPCIÓN RODRIGUEZ,Germán,MA50H,00:00:13,01:23:03,02:41:44,04:55:26,07:07:39,08:59:58,11:30:41,13:55:18,16:21:22,17:05:37,19:25:49,21:50:43,00:19:14
174,124,KUSCHMIERZ,Felix,MA30H,00:00:13,01:01:06,02:01:00,04:04:58,06:02:18,08:03:51,10:40:48,13:07:07,15:41:31,16:24:33,19:40:58,21:51:17,00:22:11
175,531,VELA MONSERRATE,Manuel,MA30H,00:00:13,01:18:31,02:32:00,04:39:08,06:44:35,08:35:29,11:10:06,13:34:44,15:50:18,16:34:02,19:20:16,21:48:42,00:23:16
176,66,JABLONSKI,Jacek,MA50H,00:00:13,01:15:22,02:13:46,04:11:21,06:25:43,08:35:31,11:31:57,14:02:18,16:38:35,17:21:09,19:47:09,21:55:15,00:36:01
177,527,QUINDE ARMIJOS,Gustavo Orlando,MA30H,00:00:13,01:15:53,02:28:48,04:42:42,07:06:00,09:20:51,11:54:10,14:26:05,16:53:18,17:32:17,20:03:03,22:21:29,00:38:19
178,421,ACOSTA VERONA,Claudio Francisco,MA50H,00:00:13,01:22:03,02:35:17,04:42:17,06:53:48,08:51:08,11:26:28,13:58:27,16:49:01,17:28:00,19:50:00,22:16:01,00:40:02
179,160,DELORME,Jean-Marc,MA50H,00:00:13,01:16:51,02:28:16,04:32:08,06:54:17,08:47:31,11:38:20,14:20:45,16:46:03,17:22:25,19:44:22,22:04:22,00:44:38
180,373,HATTON,Vadim,MA50H,00:00:13,01:13:04,02:21:12,04:30:27,06:44:31,08:44:46,11:27:09,13:47:08,16:33:53,17:10:33,19:38:53,22:03:55,00:44:41
181,328,MONTAGNE,Christophe,MA50H,00:00:13,01:14:23,02:25:25,04:50:40,07:11:32,09:28:23,12:07:34,14:43:21,17:13:11,17:52:46,20:26:18,22:42:52,00:48:06
182,312,FERNANDEZ GALLASTEGI,Iker,MA40H,00:00:13,01:13:36,02:22:52,04:27:48,06:35:53,08:43:33,11:11:40,13:36:43,16:02:41,16:42:34,19:11:50,21:40:46,00:50:09
183,356,EDØY,Odd,VE H,00:00:13,01:13:47,02:17:34,04:15:33,06:21:20,08:19:16,10:48:57,13:17:19,15:46:24,16:35:07,19:27:22,22:14:14,00:51:41
184,662,RABITO,Massimo,VE H,00:00:13,01:15:24,02:29:16,04:43:27,06:56:01,09:02:14,11:39:57,14:13:04,16:40:22,17:22:25,19:58:40,22:23:01,00:53:04
185,317,LUDWIG,Simon,MA40H,00:00:13,01:17:05,02:27:18,04:40:05,06:54:09,08:58:18,11:25:55,13:39:19,15:59:59,16:43:49,19:29:27,22:03:14,00:59:24
186,487,NIELSEN,Erik Waage,VE H,00:00:13,01:25:09,02:43:29,04:55:16,07:04:51,08:55:30,11:20:51,13:44:51,16:28:06,17:10:05,19:44:24,22:11:45,00:59:27
187,701,CRAMER,Scott,MA30H,00:00:13,01:17:36,02:29:11,04:33:11,06:30:28,08:29:19,11:04:00,13:44:28,15:56:23,16:55:33,19:30:52,22:05:25,00:59:28
188,466,DE LEÓN ANDUEZA,Natanael,MA30H,00:00:13,01:18:12,02:33:15,04:42:11,06:57:01,08:58:15,11:48:45,14:16:58,16:30:55,17:27:45,20:09:42,22:07:36,01:01:51
189,459,JIMÉNEZ MARTÍN,Misael,MA40H,00:00:13,01:18:15,02:33:30,04:42:08,06:57:00,08:58:13,11:48:45,14:16:57,16:43:12,17:22:31,19:58:42,22:17:41,01:01:52
190,408,DANILLON,Mathias,MA40H,00:00:13,01:09:37,02:17:00,04:31:29,06:42:45,08:43:28,11:26:37,13:57:58,16:32:58,17:20:03,19:52:15,22:28:12,01:03:15
191,297,STEVENS,Anthony,MA50H,00:00:13,01:12:40,02:19:29,04:20:38,06:37:46,08:41:47,11:14:05,13:34:52,16:05:30,16:46:14,19:32:53,22:11:41,01:07:24
192,276,LUZURIAGA QUICHIMBO,Jorge Eloy,MA40H,00:00:13,01:02:59,02:02:35,04:05:55,06:28:58,08:31:14,11:11:01,13:44:13,16:08:12,16:53:03,19:40:26,22:32:04,01:09:45
193,296,KLEIN,Guntram,MA50H,00:00:13,01:10:26,02:14:16,04:25:03,06:36:36,08:41:40,11:25:41,14:06:30,16:51:20,17:33:13,20:21:23,22:38:30,01:11:12
194,236,MUÑOZ GARCIA,Albert,MA40H,00:00:13,01:11:29,02:18:02,04:27:18,06:33:19,08:36:24,11:20:27,13:55:22,16:27:48,17:15:48,20:06:50,22:33:40,01:11:53
195,212,BURMAN,Michał,MA40H,00:00:13,01:08:38,02:11:06,04:18:37,06:31:43,08:34:25,11:16:59,14:02:03,16:32:06,17:14:12,19:59:31,22:30:15,01:14:47
196,483,LEON ARBELO,Ivan,MA30H,00:00:13,01:20:30,02:41:16,04:50:02,07:02:53,09:13:20,11:49:13,14:14:04,16:50:27,17:28:51,20:05:10,22:34:26,01:20:49
197,259,VEGA MORALES,Alberto,MA50H,00:00:13,01:10:17,02:17:26,04:23:42,06:39:35,08:52:42,11:41:07,14:12:35,16:43:22,17:25:15,20:12:32,22:35:36,01:25:59
198,71,TAVIRA SANCHEZ,Raúl,MA40H,00:00:13,01:06:21,02:07:18,03:57:10,05:55:05,07:51:23,10:15:23,13:11:50,16:03:47,16:45:33,19:43:13,21:52:25,01:27:39
199,556,SÁNCHEZ SANTANA,Juan Manuel,MA40H,00:00:13,01:17:47,02:31:12,04:36:21,06:42:05,08:50:48,11:19:22,13:44:15,16:04:41,16:57:42,19:14:07,21:53:23,01:27:43
200,221,KYLMÄLÄ,Marko,MA40H,00:00:13,01:21:59,02:34:17,04:41:51,06:41:52,08:36:53,11:14:47,13:56:19,16:15:35,17:02:35,20:10:04,22:42:17,01:35:34
201,207,STANKIEWICZ,Paweł,MA40H,00:00:13,01:17:27,02:28:53,04:51:50,07:07:28,09:18:51,12:10:30,14:46:45,17:25:06,18:11:09,20:50:45,23:20:00,01:39:51
202,105,CANO OLABE,Kevin,EL H,00:00:13,01:06:50,02:13:50,04:20:26,06:26:52,08:29:45,11:11:41,14:04:24,16:51:09,17:45:06,20:16:02,22:36:50,01:41:31
203,264,FONSECA VALERIO,Juan,MA40H,00:00:13,01:19:52,02:37:46,05:14:52,07:43:15,09:58:28,12:47:35,15:25:30,17:58:19,18:40:23,21:10:26,23:36:51,01:43:36
204,357,TOLDOS BUENO,Jordi,MA40H,00:00:13,01:07:45,02:15:07,04:39:09,06:57:07,09:12:15,12:00:31,14:36:56,17:07:39,17:54:00,20:58:30,23:17:10,01:44:32
205,241,CONESA SILVESTRE,Christian,MA30H,00:00:13,01:13:42,02:24:53,04:45:45,07:01:48,09:03:26,11:42:17,14:11:48,16:38:54,17:25:34,20:06:56,22:46:06,01:45:37
206,393,KNOCHE,Stefan,MA50H,00:00:13,01:15:11,02:30:26,04:44:58,06:56:56,09:15:49,12:02:15,14:33:57,17:01:40,17:46:58,20:17:15,22:57:12,01:45:42
207,423,TRENKWALDER,Andreas,MA30H,00:00:13,01:12:23,02:14:40,04:16:25,06:12:24,08:15:41,11:04:03,13:40:58,16:38:20,17:20:37,20:22:48,22:35:50,01:47:35
208,424,TRENKWALDER,Marian,MA30H,00:00:13,01:12:24,02:14:09,04:16:25,06:12:25,08:15:54,11:03:19,13:47:30,16:38:19,17:20:36,20:22:47,22:35:49,01:47:36
209,549,AARSLAND,Ovar,MA40H,00:00:13,01:19:12,02:31:50,04:41:33,06:55:13,08:59:06,11:44:41,14:21:14,16:48:46,17:32:50,20:17:40,22:53:46,01:49:15
210,387,LAFUENTE ALVES,David,MA50H,00:00:13,01:19:36,02:27:07,04:33:42,06:40:10,08:33:02,11:04:08,13:34:22,15:56:46,16:43:49,19:51:05,22:25:24,01:49:28
211,541,GABRIEL,Joshua,EL H,00:00:13,01:03:28,02:01:02,04:04:17,06:03:25,08:06:21,10:41:33,13:33:03,15:53:27,16:36:00,19:43:26,22:22:38,01:53:30
212,432,MEDINA ORTEGA,Juan Francisco,MA30H,00:00:13,01:10:52,02:21:41,04:20:56,06:22:28,08:20:24,11:10:22,14:13:02,16:44:15,17:25:02,20:17:38,23:02:58,01:57:47
213,285,MORALES LUGO,Borja,MA30H,00:00:13,01:18:47,02:32:02,05:01:03,07:25:50,09:33:33,12:20:48,15:03:42,17:15:58,17:56:40,20:19:57,23:02:59,02:01:14
214,319,ACAMPORA,Olivier,MA30H,00:00:13,01:07:23,02:15:31,04:23:06,06:38:47,08:46:26,11:27:32,13:57:34,16:50:13,17:39:18,20:37:32,23:14:37,02:03:23
215,416,BORDINO,Natalina,MA30F,00:00:13,01:13:35,02:20:43,04:35:16,06:41:50,08:43:27,11:51:33,14:32:15,17:09:04,17:52:02,21:09:23,23:46:34,02:05:22
216,524,PETROVAY,Gheorghe,MA40H,00:00:13,01:19:01,02:32:12,04:44:43,06:53:08,08:48:52,11:23:32,13:55:29,16:28:17,17:10:54,20:29:25,23:13:40,02:06:10
217,605,MÖLLERSTRÖM,Rickard,MA40H,00:00:13,01:23:44,02:42:27,05:05:32,07:19:20,09:33:38,12:13:37,14:36:02,17:01:27,17:45:17,20:33:00,23:13:50,02:06:10
218,612,ANDUEZA CAMACHO,Isidro Ruben,MA30H,00:00:13,01:05:23,02:03:25,04:06:34,05:58:30,07:57:20,10:26:33,12:48:58,15:23:23,16:15:28,19:33:06,22:31:06,02:10:26
219,604,ADE,Gregory,MA50H,00:00:13,01:12:52,02:19:50,04:27:06,06:36:53,08:45:37,11:31:01,14:08:51,16:55:44,17:44:32,20:43:30,23:19:01,02:11:31
220,536,DZENIS,Juris,MA40H,00:00:13,01:06:15,02:10:19,04:17:26,06:29:38,08:49:59,11:52:00,14:57:57,17:51:53,18:41:52,21:34:56,23:55:46,02:13:36
221,463,RODRIGUEZ DOMINGUEZ,Ignacio,MA40H,00:00:13,01:15:45,02:23:19,04:45:51,07:07:30,09:14:58,12:01:33,14:57:48,17:36:43,18:17:11,20:50:58,23:31:51,02:13:53
222,465,RODRÍGUEZ RODRÍGUEZ,Carlos Ibán,MA40H,00:00:13,01:15:46,02:23:20,04:45:49,07:06:16,09:14:41,12:01:32,14:57:43,17:36:40,18:17:05,20:50:50,23:31:53,02:13:54
223,447,SPEIGHT,Kelly-Anne,MA30F,00:00:13,01:04:17,02:03:26,03:44:39,05:37:31,07:39:06,10:19:41,13:09:28,15:37:43,16:27:18,19:23:44,22:39:52,02:17:25
224,271,SANGLAS AYATS,Josep,VE H,00:00:13,01:21:07,02:37:27,04:54:59,07:13:09,09:13:29,11:57:41,14:36:19,17:13:16,17:58:05,20:37:33,23:24:03,02:20:34
225,434,STONEBRIDGE,Scott,MA40H,00:00:13,01:23:48,02:50:34,05:11:36,07:22:58,09:24:21,12:15:19,14:51:23,17:41:12,18:25:53,21:11:27,23:40:39,02:22:18
226,340,AUBRY,Charles,MA50H,00:00:13,01:14:55,02:30:50,04:39:15,06:51:05,09:12:52,11:51:04,14:27:25,17:01:19,17:47:37,21:03:45,23:52:00,02:23:43
227,325,VISKARI,Jouni,MA40H,00:00:13,01:24:16,02:42:04,04:58:06,07:09:59,09:12:48,11:48:46,14:14:01,16:48:17,17:36:25,20:32:41,23:11:55,02:26:48
228,219,MÄKELÄ,Nina,MA50F,00:00:13,01:23:45,02:41:32,04:54:43,07:10:02,09:07:37,11:39:56,14:14:23,16:48:19,17:36:24,20:32:49,23:11:54,02:26:49
229,266,HELLBERG,Jari,MA50H,00:00:13,01:24:17,02:42:05,04:58:05,07:10:04,09:12:44,11:48:47,14:14:05,16:48:21,17:36:24,20:32:42,23:11:55,02:26:49
230,279,BALAÑA LLAGOSTERA,Ivan,MA30H,00:00:13,01:11:34,02:18:08,04:27:20,06:40:57,08:48:38,11:41:22,14:20:22,17:04:29,17:58:01,20:52:32,23:35:48,02:31:15
231,272,POHJALA,Mikko,MA30H,00:00:13,01:16:23,02:27:25,04:45:56,06:59:37,09:05:25,11:45:55,14:24:56,17:02:56,17:48:10,20:58:47,23:40:26,02:32:11
232,362,SILVESTRI,Luisa,MA40F,00:00:13,01:15:55,02:28:19,04:50:42,07:07:06,09:14:19,11:58:17,14:34:01,17:10:34,17:54:51,20:50:14,23:32:54,02:37:08
233,626,FURRER,Sven,MA50H,00:00:13,01:13:04,02:23:06,04:40:20,06:55:15,09:08:03,11:56:42,14:34:46,17:08:57,17:56:39,21:07:48,23:47:10,02:40:54
234,141,COMBE,Adrien,MA30H,00:00:13,00:59:13,01:57:15,05:07:50,07:04:31,08:59:48,11:39:04,14:20:54,16:45:16,17:28:26,20:30:36,23:20:01,02:41:17
235,546,QUINTANA PERDOMO,David,MA40H,00:00:13,01:12:46,02:22:50,04:59:01,07:15:46,09:33:37,12:26:39,15:33:28,18:10:21,18:53:57,21:42:51,00:20:24,02:41:31
236,366,GIGON,Arthur,EL H,00:00:13,01:18:35,02:27:04,04:29:22,06:35:58,08:40:56,11:08:59,13:54:03,16:33:22,17:29:03,20:34:24,23:35:14,02:41:42
237,707,DUBOIS,Julien,MA30H,00:00:13,01:21:10,02:37:54,05:01:43,07:19:33,09:34:19,12:26:31,15:34:24,17:58:56,18:50:41,21:23:13,23:55:24,02:42:45
238,609,RYCKELYNCK,Cindy,MA30F,00:00:13,01:20:41,02:33:46,04:46:00,06:56:59,09:06:25,11:48:53,14:38:53,17:12:55,18:02:37,21:10:51,23:48:28,02:45:07
239,610,DIAZ SUAREZ,Ramon Carmelo,MA50H,00:00:13,01:16:09,02:27:16,04:47:01,06:57:24,09:12:53,12:09:56,14:53:22,17:24:13,18:09:56,21:24:20,00:04:23,02:46:51
240,473,KOVACS,Adam,MA50H,00:00:13,01:23:52,02:41:05,05:08:51,07:20:47,09:28:39,12:18:28,15:04:18,17:36:35,18:21:55,21:08:22,23:54:38,02:48:48
241,370,ELMON,Sébastien,MA40H,00:00:13,01:19:40,02:37:29,05:00:41,07:18:55,09:34:03,12:26:26,15:17:19,17:55:26,18:38:41,21:32:45,00:12:13,02:49:44
242,334,VILÀ TEIXIDÓ,Albert,MA30H,00:00:13,01:16:33,02:27:41,04:38:23,06:47:32,09:01:33,11:49:32,14:28:24,17:07:18,17:59:59,20:58:30,23:38:30,02:50:24
243,426,ALLEGRET-BOURDON,Franck,MA40H,00:00:13,01:22:02,02:37:39,04:52:02,06:59:34,09:01:25,11:52:47,14:48:36,17:35:30,18:20:46,21:07:55,23:58:06,02:51:35
244,344,AVELLÍ TEIXIDOR,Gemma,MA40F,00:00:13,01:18:45,02:31:48,04:52:28,07:15:52,09:24:07,12:29:49,15:14:19,17:51:50,18:33:56,21:11:52,23:56:43,02:54:11
245,493,DAVIDSON,Kevin,MA30H,00:00:13,01:07:59,02:12:13,04:22:35,06:30:43,08:32:27,11:28:29,14:05:50,16:49:59,17:47:49,20:21:16,23:19:05,02:58:42
246,505,MARTIN ABAD,Cristian,MA30H,00:00:13,01:19:45,02:35:38,04:53:19,07:09:27,09:21:12,12:05:54,14:58:18,17:47:26,18:31:30,21:15:11,23:56:45,03:04:36
247,372,QIU,Xiaobin,MA50H,00:00:13,01:17:32,02:28:10,04:48:14,07:11:03,09:35:15,12:20:05,15:23:35,18:04:23,18:52:59,22:15:46,00:51:39,03:05:48
248,222,VAINIONPÄÄ,Mika,MA40H,00:00:13,01:28:12,02:51:00,05:11:22,07:25:58,09:45:15,12:32:22,15:17:35,17:55:42,18:34:39,21:34:12,00:01:58,03:08:08
249,234,PÄIVINEN,Mika,MA40H,00:00:13,01:28:12,02:50:48,05:11:24,07:26:00,09:45:16,12:32:22,15:17:36,17:55:45,18:34:38,21:34:13,00:02:05,03:08:17
250,363,DE LA CRUZ PEÑA,Alcides,MA50H,00:00:13,01:21:15,02:38:57,05:01:11,07:25:08,09:58:41,12:56:56,15:50:06,18:14:58,18:58:55,21:37:31,00:26:55,03:10:16
251,286,REGALADO CUARTERO,Eduardo,MA30H,00:00:13,01:20:22,02:34:54,04:53:56,07:15:02,09:27:53,12:33:06,15:18:46,17:52:38,18:42:25,21:26:11,00:13:01,03:10:44
252,539,BETANCORT LOZANO,César,MA30H,00:00:13,01:25:03,02:41:08,05:37:00,08:21:03,10:22:06,13:15:01,15:53:58,18:05:10,18:43:16,21:28:52,00:13:01,03:11:00
253,247,SOLIVERA RETCHAS,Carles,MA50H,00:00:13,01:16:41,02:28:17,04:46:19,07:06:48,09:49:04,12:43:14,15:46:14,18:13:40,18:56:52,22:05:40,01:12:52,03:12:14
254,244,PARRILLA BRITO,Jose,MA40H,00:00:13,01:15:42,02:30:53,05:02:01,07:19:11,09:49:01,12:49:52,16:05:11,18:59:58,19:40:37,22:09:51,00:37:36,03:13:12
255,235,FORSSTRÖM,Markus,MA40H,00:00:13,01:21:12,02:35:32,04:43:58,07:05:30,09:06:10,11:49:17,14:29:50,17:05:07,17:54:21,21:07:43,00:02:06,03:15:34
256,245,PUUMALA,Saku,MA40H,00:00:13,01:28:12,02:50:48,05:11:24,07:27:42,09:48:32,12:42:23,15:20:40,17:56:35,18:42:01,21:34:16,00:13:35,03:15:39
257,346,TABET,Roberta,MA40F,00:00:13,01:15:50,02:29:12,05:00:08,07:20:04,09:42:47,12:39:23,15:29:56,18:16:29,18:59:43,22:00:10,00:45:42,03:16:50
258,379,COLART,Vincent,MA50H,00:00:13,01:22:19,02:38:19,04:53:10,07:04:46,09:10:12,11:57:50,14:57:12,17:42:21,18:26:30,21:21:50,00:15:41,03:16:57
259,623,EDOUARD,Podvin,MA30H,00:00:13,01:16:29,02:26:42,04:53:58,07:06:37,09:21:05,12:05:55,14:50:41,17:42:35,18:26:32,21:16:03,00:16:53,03:18:08
260,689,GRENIER,Eric,VE H,00:00:13,01:19:34,02:32:26,04:55:58,07:16:11,09:39:46,12:24:33,15:16:07,17:59:36,18:41:44,21:29:04,00:23:39,03:21:18
261,679,ACOSTA DOMÍNGUEZ,Marco Antonio,MA50H,00:00:13,01:26:54,02:46:51,05:20:35,07:59:22,10:05:49,13:14:12,16:13:40,18:40:26,19:21:28,21:58:23,00:36:44,03:22:35
262,348,SAN VICENTE SAEZ,Asel,MA40H,00:00:13,01:22:33,02:44:53,05:32:29,08:02:59,10:25:40,13:44:07,16:49:38,19:03:26,19:49:03,23:05:46,01:53:14,03:24:21
263,210,VALERA GUERRA,Marcos,MA50H,00:00:13,01:24:37,02:44:44,05:20:51,07:42:38,10:19:46,13:39:43,16:39:23,19:11:16,19:52:56,23:05:46,01:53:20,03:24:21
264,104,MONTAÑO LEZAMA,Carmen Maria,MA40F,00:00:13,01:16:22,02:31:02,04:46:26,07:13:04,09:33:44,12:20:34,15:10:10,17:42:15,18:27:40,21:28:10,00:14:29,03:25:05
265,547,GARCÍA DEL CASTILLO,Ignacio,MA40H,00:00:13,01:22:42,02:41:03,05:01:46,07:22:19,09:43:03,12:34:07,15:28:46,18:03:07,18:42:56,21:30:24,00:15:37,03:27:04
266,397,SALAZAR BELMONTE,Felix,MA40H,00:00:13,01:14:15,02:23:04,04:59:45,07:15:49,09:39:27,12:29:48,15:19:31,17:49:08,18:39:54,21:42:43,00:24:05,03:27:24
267,676,SOULAN,Lucie,MA30F,00:00:13,01:24:26,02:41:18,04:53:53,06:59:36,09:04:25,11:41:15,14:22:32,17:00:00,17:44:41,21:04:35,23:59:57,03:27:34
268,158,SCHRODER,Peter,MA40H,00:00:13,01:08:08,02:10:03,04:02:41,06:20:54,08:58:24,11:44:46,14:23:02,17:04:36,17:54:02,21:05:03,23:59:46,03:27:34
269,314,FREYNHOFER,Bettina,MA40F,00:00:13,01:23:42,02:41:31,05:05:48,07:19:14,09:29:05,12:17:13,15:05:01,18:06:39,18:54:11,22:13:47,00:58:08,03:27:41
270,704,MEERSMAN,Marc,MA40H,00:00:13,01:11:02,02:21:17,04:27:10,06:39:26,08:46:01,11:20:18,14:14:14,17:16:12,18:12:40,21:07:57,00:00:03,03:28:23
271,655,BIALKA,Rafal,MA40H,00:00:13,01:16:51,02:32:07,04:51:56,07:17:21,09:29:04,12:21:12,15:16:22,18:01:36,18:51:12,21:58:24,00:46:44,03:30:08
272,299,PONTILLE,Hugo,EL H,00:00:13,01:14:47,02:30:54,05:22:56,07:28:52,09:34:58,12:29:44,15:23:00,18:04:18,18:50:41,21:48:10,00:42:26,03:32:54
273,229,DYMARSKI,Mariusz,MA50H,00:00:13,01:17:27,02:28:55,04:51:47,07:07:27,09:18:55,12:17:46,15:23:01,18:06:32,18:56:54,21:41:49,00:26:48,03:33:04
274,500,GIVERNAUD,Marine,MA30F,00:00:13,01:17:29,02:29:10,04:45:34,06:57:12,09:11:51,11:52:29,14:47:16,17:53:15,18:49:14,21:35:31,00:31:39,03:33:42
275,468,RAMIREZ BETANCOR,Jose Luis,MA50H,00:00:13,01:13:39,02:27:11,04:53:34,07:17:10,09:46:43,12:24:30,15:10:55,17:55:07,18:41:59,21:57:36,00:40:55,03:34:06
276,293,VALERO BLAS,Pedro José,MA30H,00:00:13,01:20:12,02:35:47,05:20:41,07:42:55,10:12:38,13:15:15,16:11:00,18:30:39,19:17:00,21:45:38,00:23:57,03:35:22
277,552,BRITO DELGADO,Joaquin Jesus,MA50H,00:00:13,01:19:57,02:31:05,05:03:29,07:31:08,09:49:41,13:03:14,15:58:31,18:52:55,19:39:13,22:26:36,00:58:03,03:37:27
278,352,HAUSER-RUCKLI,Cornelia,MA50F,00:00:13,01:23:23,02:41:17,05:10:17,07:36:52,09:59:55,13:04:56,16:04:43,18:37:03,19:20:00,22:30:29,01:02:58,03:39:30
279,661,DA SILVA,Thomas,MA30H,00:00:13,01:12:54,02:21:13,04:44:16,06:58:34,09:12:26,12:08:40,15:13:53,18:02:18,18:46:23,22:06:58,00:51:09,03:40:23
280,201,ROLDAN,Martin,MA50H,00:00:13,01:15:54,02:24:28,04:23:36,06:30:11,08:42:53,11:26:43,14:43:03,17:35:56,18:24:36,21:55:27,00:42:01,03:43:09
281,342,PEREZ SANCHEZ,Israel,MA40H,00:00:13,01:17:21,02:30:40,04:50:57,07:05:59,09:35:43,12:30:38,15:21:59,18:05:00,18:50:35,22:00:44,00:41:43,03:43:09
282,313,TELFER,John,VE H,00:00:13,01:19:29,02:37:39,04:54:34,07:21:18,09:36:08,12:35:21,15:37:26,18:06:36,18:53:10,21:55:26,00:42:55,03:43:16
283,554,SANTIAGO NAVARRO,Jose Luis,MA40H,00:00:13,01:22:02,02:41:56,05:08:46,07:27:09,09:45:52,12:36:02,15:24:46,18:15:33,19:02:15,22:13:44,00:57:05,03:43:17
284,52,COWIE,Catherine,MA40F,00:00:13,01:14:07,02:28:37,04:42:19,07:09:08,09:23:27,12:15:56,15:16:11,18:01:31,18:53:53,22:07:07,00:52:19,03:43:41
285,444,LERØ,Øyvind,VE H,00:00:13,01:16:06,02:29:09,04:41:40,06:57:27,09:16:29,12:01:59,14:34:29,17:09:24,17:54:59,21:11:25,00:47:39,03:46:48
286,265,MARTINEZ VALERA,Javier,MA40H,00:00:13,01:13:30,02:20:38,04:31:50,06:44:18,09:14:24,12:11:58,15:19:28,17:43:26,18:25:14,21:58:55,00:42:28,03:47:47
287,687,GARCÍA MARRERO,Gloria Esther,MA40F,00:00:13,01:18:52,02:31:20,04:57:09,07:21:54,09:36:10,12:37:18,15:20:42,18:04:21,18:53:35,21:46:35,00:58:56,03:48:29
288,492,MICHETTI,Carlo,MA50H,00:00:13,01:27:18,02:50:42,05:14:10,07:37:57,09:56:35,12:48:12,15:41:17,18:20:58,19:08:24,21:58:26,00:45:54,03:50:13
289,631,ODER,Pascal,VE H,00:00:13,01:27:08,02:46:07,05:11:33,07:38:09,09:52:13,12:59:22,15:48:47,18:26:49,19:13:44,22:12:45,00:57:21,03:59:00
290,290,ORFANIDIS,Georgios,MA50H,00:00:13,01:22:10,02:39:53,05:04:53,07:33:41,10:06:14,13:02:55,15:54:20,18:28:23,19:15:55,22:13:48,,04:00:05
291,246,JEREZ FALCÓN,Sergio,MA40H,00:00:13,01:21:02,02:37:14,05:30:35,08:00:46,10:17:59,13:22:27,16:20:40,18:41:00,19:36:30,22:12:35,01:05:29,04:01:53
292,601,DUMORTIER,Quentin,MA30H,00:00:13,01:18:40,02:31:08,05:03:57,07:21:14,09:33:58,12:40:04,15:47:42,18:25:11,19:10:08,22:15:16,01:05:07,04:02:29
293,384,MARTÍNEZ SOBRINO,Pablo,MA40H,00:00:13,01:11:00,02:24:10,04:58:32,07:15:53,09:58:28,13:00:40,15:56:50,18:37:14,19:27:30,22:36:06,01:08:29,04:04:45
294,260,HUMPHRIES,Phil,MA50H,00:00:13,01:13:50,02:23:30,04:35:17,06:54:58,09:21:03,12:25:23,15:17:27,18:13:05,18:58:35,22:13:51,01:04:59,04:06:07
295,377,STEWART,Rachel,MA30F,00:00:13,01:24:43,02:42:24,05:10:55,07:45:38,10:30:49,13:23:32,16:12:20,18:55:00,19:43:27,22:58:26,01:09:04,04:11:50
296,512,DE MOTTONI,Tommaso,MA40H,00:00:13,01:23:42,02:45:01,05:25:38,08:09:39,10:43:15,13:36:54,16:23:05,18:56:11,19:41:24,22:45:36,01:17:55,04:15:11
297,681,VENTAYOL ALCINA,Francisco,MA40H,00:00:13,01:26:11,02:59:31,05:27:11,07:59:06,10:37:45,14:01:35,17:25:21,19:27:35,20:09:21,22:52:02,01:31:17,04:15:58
298,326,DOMONT,Laurent,MA50H,00:00:13,01:23:49,02:49:20,05:36:09,08:06:46,10:26:57,13:30:48,16:27:08,19:04:07,19:45:13,22:36:48,01:19:41,04:18:43
299,695,RAFFAELE,Paone,MA40H,00:00:13,01:20:12,02:38:03,04:55:40,07:25:49,09:53:49,13:08:51,16:17:03,18:55:05,19:45:37,22:36:47,01:08:54,04:19:02
300,256,VAN NYLEN,Marc,MA50H,00:00:13,01:16:38,02:29:32,04:47:21,06:58:11,09:25:58,12:20:49,15:18:57,18:01:54,18:46:52,22:29:29,01:29:27,04:22:04
301,273,BINDREIFF,Brice,MA40H,00:00:13,01:17:05,02:28:58,04:49:33,07:12:28,09:22:31,12:26:32,15:23:54,18:16:20,19:08:00,22:21:57,01:11:51,04:32:31
302,302,RIETZ,Michaël,MA30H,00:00:13,01:27:00,02:53:20,05:32:41,08:17:33,10:49:19,13:59:32,17:05:15,19:23:54,20:00:56,22:48:58,01:10:00,04:33:02
303,664,RANTALA,Teemu,EL H,00:00:13,01:30:09,02:44:58,04:56:51,07:09:36,09:30:59,12:23:00,15:27:49,18:06:54,18:58:20,22:14:08,01:03:39,04:34:04
304,663,JUHO,Huhtala,MA30H,00:00:13,01:29:44,02:45:09,04:56:52,07:09:37,09:31:03,12:23:00,15:27:51,18:06:52,18:58:19,22:14:21,01:03:39,04:34:04
305,232,MILLS,Darryl,VE H,00:00:13,01:22:56,02:40:42,05:09:56,07:23:03,09:50:05,12:58:19,15:52:18,18:36:20,19:27:02,22:37:24,01:24:22,04:41:57
306,204,MARTIN,Paul,MA40H,00:00:13,01:23:04,02:40:40,05:09:54,07:23:01,09:50:02,12:58:12,15:52:13,,19:27:26,22:39:20,01:24:34,04:42:04
307,534,DAVIES,Dai,MA30H,00:00:13,01:22:51,02:40:42,05:09:55,07:22:50,09:50:00,12:58:09,15:50:51,18:36:18,19:27:22,22:36:58,01:23:15,04:42:09
308,705,HRONIKOVA,Katerina,MA30F,00:00:13,01:27:06,02:50:04,05:12:58,07:37:49,09:51:08,12:44:04,15:41:01,18:31:09,19:22:44,22:32:05,01:28:31,04:42:25
309,331,LOGINS,Guntars,MA30H,00:00:13,01:29:12,03:14:46,05:52:18,08:21:33,10:42:19,14:02:20,17:03:01,19:26:29,20:08:07,23:08:40,01:52:03,04:43:18
310,409,MARTENSSON,Patrik,MA40H,00:00:13,01:19:16,02:28:24,04:38:02,06:44:29,08:44:03,11:02:04,13:33:12,16:30:58,17:27:51,20:37:31,00:17:40,04:43:59
311,220,ROS LOPEZ,Jordi,MA40H,00:00:13,01:18:22,02:32:03,04:46:19,07:06:50,09:49:05,12:43:13,15:46:16,18:13:41,18:56:54,22:05:35,01:12:59,04:44:50
312,467,SOUSA,Pedro,MA50H,00:00:13,01:17:58,02:30:17,04:46:29,07:01:17,09:12:41,12:12:34,15:03:48,18:29:41,19:19:52,22:51:26,01:47:03,04:45:16
313,654,JOYE,Damien,MA50H,00:00:13,01:26:29,02:51:14,05:35:27,08:03:49,10:28:06,13:42:10,16:48:58,19:31:18,20:14:40,23:09:45,01:51:45,04:45:31
314,288,RUNG,Patrik,MA40H,00:00:13,01:23:51,02:42:20,05:05:30,07:19:21,09:33:50,12:55:09,15:27:22,18:19:40,19:08:37,22:08:57,01:13:12,04:47:41
315,617,WIKSÉN,David,MA40H,00:00:13,01:23:34,02:42:20,05:05:32,07:19:18,09:33:47,12:32:04,15:27:14,18:19:48,19:09:27,22:08:54,01:13:11,04:47:42
316,371,RINDAHL,Johnny,VE H,00:00:13,01:25:36,02:45:01,05:00:15,07:19:14,09:25:11,12:25:15,15:48:54,19:00:07,19:44:58,22:53:46,01:48:21,04:49:25
317,651,DUPONT,Didier,MA50H,00:00:13,01:22:35,02:40:43,05:03:26,07:32:30,09:52:40,13:13:07,16:17:15,18:58:47,19:51:22,22:57:50,01:55:24,04:51:10
318,503,REGNAUT,Sebastien,MA40H,00:00:13,01:20:20,02:35:15,05:00:05,07:23:26,09:55:29,12:59:38,16:14:00,19:03:36,19:53:35,22:58:43,01:57:43,04:53:19
319,376,ROJO RÍOS,Daniel,MA50H,00:00:13,01:25:40,02:50:38,05:37:07,08:16:29,10:45:43,14:02:54,17:00:18,19:43:25,20:25:15,23:18:16,01:57:27,04:53:35
320,228,RUBAU TRAYTER,Xavier,MA50H,00:00:13,01:19:47,02:40:45,05:25:17,08:00:34,10:41:01,13:55:27,17:18:53,19:36:31,20:10:24,23:07:17,01:50:18,05:04:13
321,287,VIDAL MOREIRAS,Miguel,MA40H,00:00:13,01:19:15,02:31:08,05:01:06,07:20:06,09:42:28,12:24:52,15:17:11,17:58:35,18:43:10,22:15:04,01:23:54,05:10:11
322,694,SCHMITZ,Stéphanie,MA30F,00:00:13,01:25:22,02:43:59,05:14:58,07:44:05,10:03:06,13:08:56,16:30:45,18:57:05,19:44:33,22:38:24,01:42:30,05:10:13
323,548,KIRSCH,Georg,MA30H,00:00:13,01:27:33,02:50:45,05:16:22,07:38:31,10:05:10,13:06:31,16:08:49,18:49:50,19:44:17,22:53:29,01:48:14,05:12:22
324,489,WARIBOKO,Arthur David,EL H,00:00:13,01:36:28,03:04:27,06:27:26,08:52:56,11:16:43,14:33:58,17:23:46,19:33:30,20:09:55,22:59:17,01:47:10,05:18:04
325,660,SURHOFF,Morten,MA40H,00:00:13,01:27:35,02:48:52,05:09:49,07:30:43,09:52:45,12:50:46,16:14:56,19:01:46,19:47:16,23:11:28,01:57:32,05:24:02
326,628,VU,Van Thinh,MA50H,00:00:13,01:22:31,02:38:29,05:09:42,07:28:42,09:59:07,12:42:37,15:27:49,18:24:37,19:09:11,22:27:52,01:41:05,05:24:07
327,639,POCSA,Gabriela,MA30F,00:00:13,01:23:38,02:47:48,05:25:00,08:02:05,10:26:22,13:42:06,16:59:07,19:32:24,20:13:04,23:02:04,01:50:15,05:34:57
328,690,PEYRE,Patrice,MA40H,00:00:13,01:21:58,02:36:16,04:57:27,07:23:32,09:58:58,13:12:48,16:29:09,19:02:08,19:45:33,22:59:35,01:50:07,05:34:59
329,249,JÄRNEFELT,Elina,MA40F,00:00:13,01:26:04,02:46:40,05:19:09,07:48:52,10:01:29,13:17:04,16:22:12,18:52:48,19:45:30,23:07:44,01:57:35,05:35:35
330,606,GELABERT PETRUS,Bernardino Andres,MA30H,00:00:13,01:13:25,02:23:38,04:48:36,07:15:18,09:57:28,13:12:15,16:10:42,19:06:48,19:57:58,23:08:10,02:05:18,05:45:11
331,550,KARLSSON,Fredrik,MA50H,00:00:13,01:21:00,02:35:50,04:56:50,07:19:52,09:38:16,12:43:48,15:44:12,18:09:20,18:58:52,22:38:02,02:06:35,05:45:25
332,672,SUÁREZ MEDINA,Guacimara,MA30F,00:00:13,01:17:00,02:33:39,04:55:13,07:20:28,09:43:07,12:43:41,15:17:05,17:55:22,18:41:20,22:13:45,01:29:15,05:47:14
333,673,GALLINA,Claudia Adriana,MA40F,00:00:13,01:17:22,02:28:57,04:59:18,07:20:11,09:46:51,12:59:32,15:36:28,18:09:06,19:00:13,22:25:09,01:17:08,05:47:14
334,678,PÉREZ LÓPEZ,María R.,MA40F,00:00:13,01:26:04,02:50:17,05:41:11,08:19:01,11:12:06,14:39:05,17:47:56,19:36:15,20:10:23,23:05:33,01:57:34,05:47:14
335,530,MORETTI,Marco,MA30H,00:00:13,01:24:59,02:48:45,05:27:58,07:55:14,10:19:50,13:26:09,16:37:33,19:04:33,19:51:23,23:19:40,02:16:54,05:48:19
336,368,LIN,Shisheng,MA40H,00:00:13,01:17:34,02:28:35,04:48:21,07:11:10,09:35:29,12:53:51,16:02:34,18:41:08,19:36:36,22:48:22,01:59:10,05:48:49
337,428,MORÉ FARRERAS,Xavier,MA40H,00:00:13,01:20:43,02:41:12,05:12:05,07:43:17,10:14:53,13:31:40,17:04:12,19:31:15,20:16:01,23:09:21,02:09:48,05:52:12
338,369,TANG,Ying,MA40F,00:00:13,01:23:47,02:48:55,05:11:24,07:37:48,10:23:03,13:32:34,16:37:53,19:19:18,20:06:29,23:06:23,02:01:03,05:52:39
339,602,DIETER,Sascha,MA40H,00:00:13,01:26:23,02:44:24,05:23:34,07:54:04,10:26:04,13:34:09,16:41:01,19:37:38,20:37:01,,,
340,440,YANES RODRIGUEZ,Domingo,MA30H,00:00:13,01:04:09,02:02:00,03:43:18,05:17:49,06:55:44,09:02:06,10:58:03,12:55:49,13:26:44,15:38:45,18:03:30,
341,452,VANDENBROUCKE,Koen,MA40H,00:00:13,01:15:59,02:29:26,04:43:03,06:59:40,08:54:52,11:35:23,14:18:07,16:54:02,17:43:43,21:00:58,00:42:39,
342,8,MANOLE,Ionel Cristian,MA30H,00:00:13,00:51:07,01:36:50,02:57:53,04:20:45,05:32:37,07:12:04,08:38:50,09:59:18,10:23:56,11:45:48,,
343,9,ZISIMOPOULOS,Fotios,MA40H,00:00:13,00:49:26,01:33:58,02:48:36,04:09:16,05:23:23,07:09:07,08:43:24,10:13:01,10:36:59,12:04:05,,
344,374,SPADARO,Stefano,MA40H,00:00:13,01:05:31,02:03:09,03:42:00,05:27:47,07:11:35,09:19:21,11:17:05,13:15:06,13:52:17,16:00:00,,
345,307,MOISSONNIER,Louis-Christophe,MA50H,00:00:13,01:06:35,02:07:34,04:00:42,05:55:05,07:44:28,10:00:55,12:04:53,14:18:44,14:56:51,17:25:14,,
346,375,AKMANAVICIUTE,Gitana,MA30F,00:00:13,01:04:11,02:00:50,03:40:18,05:25:58,07:16:48,09:33:01,11:42:02,13:51:36,14:51:28,18:13:27,,
347,85,KARBALAII,Mahya,MA30F,00:00:13,01:10:44,02:12:52,04:09:53,06:07:59,08:07:08,10:37:07,12:59:04,15:23:47,16:10:46,18:39:45,,
348,474,SUÁREZ SUÁREZ,Carlos Jonay,MA30H,00:00:13,01:10:52,02:17:37,04:22:48,06:33:17,08:27:11,11:04:47,13:39:12,15:58:07,17:07:39,20:17:39,,
349,562,RODRÍGUEZ MORENO,Yolanda,MA50F,00:00:13,01:25:38,02:58:42,05:26:36,07:49:09,10:03:22,12:53:01,15:44:23,18:09:14,18:54:02,21:46:37,,
350,614,GRIMWOOD-READ,Michelle,MA40F,00:00:13,01:27:12,02:48:41,05:12:03,07:38:44,10:08:45,13:12:49,15:53:53,18:21:39,19:09:36,22:42:46,,
351,543,SOLERA ABRINAS,Rubén,MA40H,00:00:13,01:27:02,02:55:23,05:37:19,08:11:03,10:36:04,13:49:42,16:39:08,19:04:50,19:45:40,22:45:31,,
352,542,BERDEJO MORALES,Vanessa,MA30F,00:00:13,01:27:01,02:55:23,05:37:19,08:11:04,10:36:04,13:49:42,16:39:08,19:04:49,19:45:35,22:46:23,,
353,415,ALVAREZ EIROS,Eduardo,MA40H,00:00:13,01:16:11,02:30:34,04:58:58,07:20:51,09:46:05,13:02:52,15:56:48,18:46:41,19:36:22,22:42:37,,
354,336,MARCHESE,Livio,MA40H,00:00:13,01:20:41,02:44:06,05:05:28,07:27:01,09:44:18,12:40:21,15:43:25,18:33:04,19:23:42,22:47:11,,
355,436,BENITEZ DIAZ,Abraham,MA40H,00:00:13,01:12:42,02:22:52,04:41:14,07:05:17,09:21:08,12:15:52,15:16:27,18:23:40,19:15:20,22:56:46,,
356,515,TURNER,Stephen,VE H,00:00:13,01:26:07,02:53:42,05:26:33,07:55:37,10:01:16,12:50:57,15:45:39,18:25:46,19:15:27,23:10:58,,
357,693,MCALLISTER,Marco Sean,MA30H,00:00:13,01:17:23,02:32:01,05:01:07,07:32:55,10:09:37,13:30:35,16:42:08,19:26:41,20:14:34,23:13:33,,
358,239,FRACKOWIAK,Michał,MA40H,00:00:13,01:25:49,02:54:01,05:28:38,08:13:09,10:32:49,13:38:24,16:51:21,19:41:11,20:28:41,23:19:48,,
359,406,FOURGEAUD,Alain,MA50H,00:00:13,01:23:23,02:42:41,05:10:38,07:37:55,09:57:40,13:04:00,16:33:50,19:15:51,20:14:49,23:15:35,,
360,76,SVELLINGEN,Eivind,MA30H,00:00:13,00:59:21,01:55:10,03:29:00,05:08:47,06:42:38,08:49:00,10:46:47,12:43:39,13:17:41,,,
361,309,SANTOS,José,MA50H,00:00:13,01:03:06,02:01:31,03:45:42,05:42:00,07:33:41,09:43:41,11:57:13,14:07:11,14:54:04,,,
362,53,PONS SINTES,Javier,MA30H,00:00:13,00:54:40,01:45:05,03:18:57,04:50:03,06:20:19,08:18:41,10:03:30,,14:55:09,,,
363,115,PÉREZ SALAZAR,Manuel Luis,MA40H,00:00:13,01:06:49,02:06:23,03:57:14,05:47:25,07:35:14,09:49:58,12:05:00,14:17:17,14:58:15,,,
364,72,ZEGARRA QUIROZ,Rosalia,MA30F,00:00:13,01:07:19,02:09:05,04:01:48,06:01:37,07:48:34,10:19:09,13:07:48,15:15:02,15:58:08,,,
365,203,PERDOMO GONZÁLEZ,Rayco,MA40H,00:00:13,01:05:35,02:07:24,04:06:59,05:59:57,07:51:35,10:15:27,12:37:12,14:56:29,15:50:07,,,
366,475,STENSRUD,Kristoffer,MA40H,00:00:13,01:08:03,02:08:44,04:02:58,06:01:31,08:10:47,10:43:46,13:10:33,15:43:11,16:29:51,,,
367,304,HANSSEN,Jonas,MA40H,00:00:13,01:16:36,02:29:12,04:46:06,06:42:19,08:35:25,11:02:49,13:39:18,16:00:48,16:48:38,,,
368,496,HERRERA ARENCIBIA,Domingo,VE H,00:00:13,01:13:11,02:25:04,04:39:16,06:51:03,09:02:48,11:45:14,14:19:06,16:44:20,17:29:18,,,
369,522,PICCINNO,Aldo,MA50H,00:00:13,01:18:47,02:31:21,04:39:30,06:41:23,08:38:05,11:19:23,13:52:54,16:37:31,17:20:35,,,
370,446,CORKER,Andrew,MA40H,00:00:13,01:24:00,02:50:31,05:20:59,08:37:36,11:46:50,15:40:47,,,17:51:14,,,
371,698,MARTINIS,Philippe,MA40H,00:00:13,01:23:41,02:41:24,04:53:01,07:04:40,09:05:38,11:39:31,14:14:20,16:54:50,17:40:58,,,
372,213,BEYLS,Aymeric,MA40H,00:00:13,01:12:27,02:18:47,04:27:00,06:30:13,08:32:40,11:09:36,13:45:29,16:44:59,17:59:25,,,
373,509,SCHEDDLER,Robert Hartwig,MA30H,00:00:13,01:03:20,02:00:03,04:06:06,06:12:05,08:38:57,11:32:16,14:23:19,17:15:32,18:18:29,,,
374,471,MARTIN COSTILLA,Eduardo,MA30H,00:00:13,01:25:30,02:44:15,05:02:24,07:25:51,09:35:56,12:31:27,15:23:43,18:04:49,18:55:33,,,
375,603,MARTÍN OSUNA,Debora,MA40F,00:00:13,01:20:32,02:41:16,05:01:46,07:19:49,09:29:02,12:22:02,15:11:38,18:09:11,19:04:43,,,
376,622,ELDEN,Lars,MA40H,00:00:13,01:23:15,02:39:50,04:55:30,07:08:27,09:12:47,11:54:35,14:59:33,18:16:12,19:16:53,,,
377,484,CRUZ MARTINEZ,Mauricio,MA50H,00:00:13,01:10:58,02:17:20,04:41:26,06:42:48,08:48:56,11:22:53,14:01:11,17:34:17,18:36:02,,,
378,329,DUMOLLARD,Morgane,MA30F,00:00:13,01:25:26,02:43:31,05:08:37,07:32:34,09:56:37,12:47:22,15:38:11,18:27:29,19:19:49,,,
379,330,VAUCLAIR,Frédéric,MA40H,00:00:13,01:25:26,02:43:32,05:08:38,07:32:34,09:56:46,12:47:22,15:38:11,18:27:27,19:19:49,,,
380,442,TARABA,Jaroslav,MA40H,00:00:13,01:17:48,02:28:29,04:36:47,06:47:19,09:01:31,11:57:07,15:18:49,18:07:38,19:12:04,,,
381,412,NOSEK,Michal,MA30H,00:00:13,01:15:47,02:24:19,04:24:39,06:26:32,08:15:55,10:55:36,13:45:30,18:07:37,19:12:40,,,
382,402,CHMATAL,Martin,MA40H,00:00:13,01:17:48,02:28:22,04:36:47,06:47:11,09:01:35,11:56:49,15:04:04,18:01:11,18:47:09,,,
383,396,SEGURA RECHE,Juan Francisco,MA40H,00:00:13,01:21:51,02:39:58,05:14:46,07:29:36,09:51:35,12:37:23,15:27:59,18:12:02,19:07:26,,,
384,558,LOPEZ ALAMO,Rayco,MA30H,00:00:13,01:26:17,02:49:52,05:30:37,08:00:48,10:17:52,13:22:27,16:20:42,18:55:53,19:41:29,,,
385,699,PUT,Willem,MA30H,00:00:13,01:20:31,02:35:28,04:56:37,07:20:56,09:41:09,12:37:28,15:44:01,18:52:51,19:44:37,,,
386,520,WILTHIL,Jorgen,MA50H,00:00:13,01:20:57,02:34:38,04:59:21,07:16:23,09:25:10,12:14:26,15:14:30,18:49:22,19:48:38,,,
387,491,SAAVEDRA PACHECO,Sergio Gastón,MA40H,00:00:13,01:21:53,02:39:59,05:11:28,07:29:40,09:51:35,12:37:24,15:28:01,18:12:03,19:25:08,,,
388,453,DAVILA CABRERA,Guillermo Nelso,MA50H,00:00:13,01:24:53,02:42:08,05:13:15,07:42:50,09:58:58,13:05:08,16:05:10,18:59:28,19:50:10,,,
389,537,SANCHEZ CRUZ,David,MA40H,00:00:13,01:19:22,02:35:41,05:09:44,07:35:26,09:45:12,12:49:01,16:38:07,18:57:15,19:49:51,,,
390,427,PALOU SEGUI,Tomeu,MA40H,00:00:13,01:22:36,02:37:19,05:01:01,07:23:06,09:49:14,12:27:47,15:18:54,18:12:05,19:06:39,,,
391,404,GABRIEAU,Maxime,MA30H,00:00:13,01:16:34,02:31:22,05:26:53,08:07:15,10:14:54,12:52:28,15:54:15,18:34:59,19:20:12,,,
392,333,DIAZ SANCHEZ,Jose Miguel,MA40H,00:00:13,01:16:02,02:32:08,05:01:56,07:36:29,09:58:22,13:23:31,16:34:49,19:15:08,19:59:42,,,
393,488,GIL DEL ROSARIO,Antonio,MA30H,00:00:13,01:21:13,02:39:48,05:14:55,07:34:48,10:04:21,13:12:11,16:10:15,18:55:08,19:43:08,,,
394,677,VAN OVERMEIRE,Gael,MA40H,00:00:13,01:23:52,02:40:57,04:53:27,07:09:58,09:16:46,12:03:36,15:39:50,18:47:32,19:49:48,,,
395,508,VAN DEN ESSEN,Ton,MA50H,00:00:13,01:17:57,02:33:50,04:55:45,07:16:27,09:35:14,12:46:29,16:07:42,18:55:49,19:49:39,,,
396,669,PACHECO GARCÍA,Roberto,MA50H,00:00:13,01:26:27,02:45:16,05:24:33,08:06:53,10:36:32,13:57:02,17:00:26,19:19:30,20:13:14,,,
397,382,BØJE,Mikael,MA40H,00:00:13,01:22:57,02:36:14,04:48:45,07:19:15,09:36:08,13:01:29,16:50:23,,20:21:22,,,
398,298,JELINEK,April,MA30F,00:00:13,01:22:14,02:43:30,05:14:04,07:39:13,09:59:58,13:50:01,16:53:49,19:38:47,20:22:08,,,
399,274,AGUADO SARRION,Oscar,MA40H,00:00:13,01:20:00,02:41:19,05:24:44,07:50:25,10:07:02,12:57:45,15:51:50,18:52:47,19:43:12,,,
400,364,BERNEY,Joe,VE H,00:00:13,01:23:42,02:42:54,05:12:16,07:53:33,10:27:01,13:47:36,16:53:46,19:38:45,20:22:53,,,
401,472,SEAMAN,Joshua,MA30H,00:00:13,01:29:26,02:55:48,05:31:30,08:10:22,10:40:16,13:48:28,17:01:14,19:31:20,20:20:03,,,
402,629,KOMP,Laura,MA30F,00:00:13,01:26:42,02:51:05,05:49:29,08:26:19,10:59:55,14:07:15,17:16:46,19:41:53,20:24:19,,,
403,652,ARAMAYO,Gabriela,MA40F,00:00:13,01:27:26,02:48:35,05:10:20,07:38:42,10:19:50,13:35:29,16:56:32,19:39:18,20:29:56,,,
404,255,RODRIGUEZ PEREZ,Jorge Enrique,MA40H,00:00:13,01:18:22,02:36:37,05:07:48,07:49:04,10:11:11,13:28:04,16:37:29,19:32:21,20:24:43,,,
405,625,ALVAREZ ALVAREZ,Diego,MA40H,00:00:13,01:20:52,02:39:44,05:09:41,07:39:33,10:07:29,13:31:54,16:54:31,19:42:22,20:33:01,,,
406,315,LUFTENSTEINER,Jochen,MA40H,00:00:13,01:36:24,03:08:07,05:56:50,08:41:21,11:06:54,14:22:07,17:21:34,19:53:31,20:41:40,,,
407,156,O NEILL,Eoin,EL H,00:00:13,01:26:17,02:48:36,05:14:49,07:39:24,10:14:16,13:46:27,16:53:55,19:49:22,20:36:59,,,
408,644,DUFOREAU,Maxence,MA40H,00:00:13,01:30:30,03:04:09,05:58:17,08:31:00,11:01:02,14:12:20,17:05:46,19:53:23,20:53:25,,,
409,321,GUÉVELOU,Simon,MA30H,00:00:13,01:22:16,02:42:38,05:33:46,08:24:56,11:00:56,14:34:47,17:36:01,20:13:21,20:59:20,,,
410,482,ROSKOVICS,Nyikolaj,MA50H,00:00:13,01:25:10,02:58:19,05:34:01,07:53:22,10:36:01,14:02:03,17:53:10,20:08:41,20:55:17,,,
411,645,WUTZKE,Marcel,MA40H,00:00:13,01:39:49,03:05:28,05:55:59,08:24:52,10:58:46,14:20:23,17:24:29,19:53:26,20:41:40,,,
412,227,ALOS PLA,Marc,MA50H,00:00:13,01:20:49,02:40:46,05:25:19,08:00:29,10:40:58,13:55:32,17:19:08,19:59:32,20:50:14,,,
413,35,CARRETERO,Abel,MA30H,00:00:13,00:49:11,01:33:21,02:48:42,04:09:19,05:20:17,07:02:03,08:28:16,09:51:37,,,,
414,4,SHEN,Jiasheng,EL H,00:00:13,00:49:24,01:33:59,02:49:43,04:09:28,05:20:17,07:04:05,08:38:01,10:09:37,,,,
415,77,FALCON SANCHEZ,Marcos Alberto,MA40H,00:00:13,01:06:43,02:07:49,04:00:47,05:56:13,07:38:09,09:52:28,11:51:43,14:06:25,,,,
416,642,BUTRIMAS,Povilas,MA30H,00:00:13,01:15:08,02:22:59,04:19:06,06:13:11,07:58:30,10:18:34,12:25:24,14:35:22,,,,
417,615,CALDWELL,Alison,MA30F,00:00:13,01:31:23,03:03:53,05:43:23,08:22:35,10:53:57,14:17:49,17:31:27,20:05:31,,,,
418,499,RODRÍGUEZ CASTRO,José Miguel,MA50H,00:00:13,01:23:41,02:43:32,05:35:03,08:03:08,10:45:55,14:08:32,17:32:21,20:21:38,,,,
419,656,RASTEL,Michel,VE H,00:00:13,01:28:45,02:57:48,05:40:07,08:26:24,10:53:10,14:24:35,17:41:08,20:35:12,,,,
420,646,JANESKA,Mina,MA40F,00:00:13,01:32:51,03:10:45,05:54:00,08:40:41,10:58:29,14:23:24,17:39:40,21:01:41,,,,
421,682,HOFMEISTER,Denise,EL F,00:00:13,01:35:05,03:08:01,05:49:32,08:31:09,10:55:35,14:25:31,17:33:29,21:01:39,,,,
422,16,OLMEDO SANCHA,Mario,MA30H,00:00:13,00:51:09,01:36:11,02:51:55,04:14:27,05:28:14,07:14:15,08:47:13,,,,,
423,10,FERNANDES,Luís,MA30H,00:00:13,00:52:45,01:37:27,02:57:11,04:27:17,05:47:45,07:36:46,09:53:47,,,,,
424,147,BOTRÁN DE LEÓN,Javier,MA30H,00:00:13,01:00:53,01:56:17,03:34:16,05:14:01,06:44:25,08:42:34,10:30:54,,,,,
425,208,TALENS GIL,Sergio,MA50H,00:00:13,01:10:33,02:16:54,04:19:01,06:20:45,08:07:44,10:27:44,12:40:12,,,,,
426,96,GARCÍA HERNÁNDEZ,Antoni,MA40H,00:00:13,01:06:34,02:05:58,03:57:37,05:56:09,07:48:15,10:29:03,12:54:43,,,,,
427,79,KAHL,Christoph,MA30H,00:00:13,01:06:29,02:08:58,04:04:00,05:58:54,07:49:17,10:12:49,12:51:29,,,,,
428,224,MARQUINA NAVARRO,Javier,MA30H,00:00:13,01:11:02,02:20:37,04:29:46,06:37:25,08:44:11,11:20:48,14:01:52,,,,,
429,355,GARCÍA DARIAS,Richard,MA40H,00:00:13,01:09:04,02:17:27,04:26:36,06:37:41,08:45:37,11:30:43,14:14:57,,,,,
430,476,PÉREZ QUEVEDO,Acaymo,MA40H,00:00:13,01:10:24,02:14:03,04:16:34,06:25:09,08:35:15,11:29:41,14:17:18,,,,,
431,470,WOLAK,Jaroslaw,MA40H,00:00:13,01:15:42,02:23:57,04:26:14,06:29:57,08:35:14,11:22:27,14:49:53,,,,,
432,341,FALAH,Rekad,MA50H,00:00:13,01:22:39,02:36:44,05:00:59,07:15:45,09:27:46,12:07:01,14:54:47,,,,,
433,358,LIDBLAD,Anton,MA40H,00:00:13,01:13:23,02:19:08,04:27:05,06:38:25,08:44:55,11:25:12,14:20:50,,,,,
434,557,ÁLVAREZ FERNÁNDEZ,Luis,MA40H,00:00:13,01:27:27,02:44:51,04:57:52,07:07:36,09:06:49,11:55:14,15:04:07,,,,,
435,292,DRINKWATER,Nico,MA40H,00:00:13,01:18:57,02:29:11,04:42:24,06:53:35,09:04:11,12:32:19,15:17:34,,,,,
436,337,JOBERTY,Mathieu,EL H,00:00:13,01:19:01,02:26:35,04:48:10,06:57:45,09:19:20,12:31:58,15:24:36,,,,,
437,516,FERNANDEZ ESPINOSA,David,MA40H,00:00:13,01:08:14,02:12:15,04:30:33,06:26:43,08:26:25,11:01:27,14:20:24,,,,,
438,513,DENIZ HERRERA,Roman,MA40H,00:00:13,01:13:14,02:19:36,04:30:53,07:20:30,09:28:54,12:14:38,15:40:23,,,,,
439,657,GOTRA,Jean-Charles,MA50H,00:00:13,01:21:06,02:37:58,05:01:24,07:30:24,10:08:36,13:09:46,16:38:02,,,,,
440,649,MORENO,François,MA50H,00:00:13,01:21:05,02:37:59,05:01:26,07:30:26,10:08:40,13:09:46,16:38:06,,,,,
441,243,MARTIN DIAZ,Juan Francisco,MA40H,00:00:13,01:15:49,02:31:14,05:01:57,07:19:12,09:49:37,12:50:08,16:10:30,,,,,
442,633,GARCÍA SANTANA,Mari Carmen,MA40F,00:00:13,01:31:26,02:53:45,05:31:55,08:02:23,10:21:22,13:28:37,16:40:33,,,,,
443,638,CUESTA OLIVARES,María Del Mar,MA40F,00:00:13,01:13:49,02:23:55,04:44:53,07:17:08,09:33:00,12:27:04,16:25:47,,,,,
444,417,TOUPIN-TRINCKVEL,Hugo,MA30H,00:00:13,01:28:36,02:50:31,05:04:20,07:28:47,10:10:03,13:23:53,16:48:54,,,,,
445,455,MARRERO VEGA,Samuel,EL H,00:00:13,01:22:41,02:41:01,05:36:12,08:09:19,10:36:22,13:39:59,17:17:50,,,,,
446,683,VASAS,Levente,MA40H,00:00:13,01:23:53,02:41:10,05:26:44,07:55:09,10:19:12,13:38:20,16:53:59,,,,,
447,665,ZAMBELLI,Nicola,MA40H,00:00:13,01:19:12,02:34:55,05:15:41,08:02:17,10:54:40,14:18:04,17:33:54,,,,,
448,650,MIZAIKOFF,Boris,MA50H,00:00:13,01:30:11,02:55:46,05:41:23,08:18:58,10:48:35,14:06:46,17:34:53,,,,,
449,668,PERELLO MARCH,Juana Ana,MA50F,00:00:13,01:26:12,02:59:25,05:27:04,07:59:09,10:39:50,14:02:00,17:25:24,,,,,
450,696,DESHKOVETS,Natalia,MA40F,00:00:13,01:32:07,03:07:17,05:49:56,08:27:49,11:01:12,14:12:43,17:40:46,,,,,
451,449,LAKIO,Laura,MA40F,00:00:13,01:26:12,02:45:08,05:10:13,07:53:58,10:32:26,14:22:46,17:51:09,,,,,
452,648,TERVO,Jaana,MA50F,00:00:13,01:39:40,03:15:14,05:56:10,08:39:19,11:14:08,14:37:28,17:51:09,,,,,
453,215,HERVÁS RUBIO,Daniel,MA40H,00:00:13,01:24:39,02:44:47,05:39:01,08:19:01,10:48:34,14:13:05,17:43:27,,,,,
454,478,DE ASTICA CRANZ,Carlos,MA40H,00:00:13,01:22:12,02:42:01,05:19:30,08:07:07,10:59:21,14:47:21,17:53:26,,,,,
455,394,LEBON,Sandrine,MA40F,00:00:13,01:26:19,02:43:35,05:24:10,07:58:45,10:28:09,14:01:00,17:43:24,,,,,
456,697,MATEOS JORGE,Francisco Juan,MA30H,00:00:13,01:24:39,02:41:46,05:37:01,08:38:15,10:57:26,14:26:02,17:55:42,,,,,
457,395,LEPROVOST,Jérôme,MA40H,00:00:13,01:26:19,02:43:27,05:24:12,07:58:48,10:28:19,14:00:36,17:43:19,,,,,
458,686,KRAJCAR,Zelko,MA50H,00:00:13,01:24:01,02:50:14,05:30:32,08:11:19,10:54:09,14:30:45,17:49:10,,,,,
459,635,CABRERA QUINTANA,Aventino,MA50H,00:00:13,01:27:10,02:53:38,05:28:31,08:11:45,10:48:17,14:27:54,17:57:52,,,,,
460,109,RAMOS QUINTANA,Juan Carlos,MA50H,00:00:13,01:21:40,02:40:24,05:01:11,07:32:14,10:16:29,14:17:20,17:47:02,,,,,
461,710,DA CUNHA MARQUÉS,Nuno Filipe,MA30H,00:00:13,00:55:43,01:43:59,03:09:47,04:41:14,06:03:45,08:26:07,,,,,,
462,122,MONRAS VIÑAS,Joan,MA30H,00:00:13,00:56:48,01:47:18,03:26:00,05:00:16,06:28:35,08:38:41,,,,,,
463,99,ATANASOV,Dimitar,MA40H,00:00:13,01:07:29,02:07:11,03:53:05,05:34:43,07:17:33,10:01:12,,,,,,
464,161,RAZVAN,Morariu,MA30H,00:00:13,01:18:05,02:21:28,04:14:49,06:11:59,07:48:04,10:09:18,,,,,,
465,54,SPLENDORE,Davide,MA30H,00:00:13,01:08:31,02:12:52,04:10:05,06:05:00,07:58:56,10:15:08,,,,,,
466,218,LAVIER,Matthieu,MA30H,00:00:13,01:04:02,02:03:55,04:02:14,05:58:49,07:59:27,10:35:35,,,,,,
467,153,PÉREZ SANTANA,Romualdo,MA50H,00:00:13,01:06:45,02:10:50,04:14:22,06:16:53,08:07:50,10:42:35,,,,,,
468,526,YLLERA OLEA,Mario,MA50H,00:00:13,01:19:29,02:42:52,05:35:26,08:26:34,,10:47:14,,,,,,
469,110,MELO GONZÁLEZ,Jose Carlos,MA30H,00:00:13,01:04:12,02:04:17,03:56:50,06:01:45,07:55:20,10:53:08,,,,,,
470,385,REDONDO SALAS,Miguel Angel,MA40H,00:00:13,01:13:31,02:18:48,04:09:30,06:03:37,07:52:33,10:53:10,,,,,,
471,458,ORTEGA NARANJO,Enrique,MA50H,00:00:13,01:11:16,02:17:13,04:17:31,06:26:33,08:28:46,11:10:03,,,,,,
472,504,HAUKLAND,Erlend,MA40H,00:00:13,01:20:11,02:30:35,04:38:56,06:41:15,08:50:02,11:20:50,,,,,,
473,209,VILLAR LLORENTE,David,MA30H,00:00:13,01:08:30,02:10:36,04:07:22,06:16:41,08:30:32,11:25:47,,,,,,
474,486,LORENZO BONILLA,Aleix,MA30H,00:00:13,01:07:18,02:11:55,04:22:51,06:36:35,08:48:50,11:36:09,,,,,,
475,454,GRASSO,Valerio,MA30H,00:00:13,01:13:04,02:21:19,04:31:16,06:39:18,08:32:15,11:45:14,,,,,,
476,223,ALTADILL GARRO,Luis,MA50H,00:00:13,01:16:47,02:29:19,04:43:01,06:56:41,09:17:22,11:56:45,,,,,,
477,389,DUGGAN,Marc,MA40H,00:00:13,01:10:12,02:20:42,04:39:58,06:56:43,09:08:41,12:32:14,,,,,,
478,670,EXPÓSITO VIVAS,Francisco Javier,MA30H,00:00:13,01:16:03,02:28:58,04:54:18,07:10:44,09:13:08,12:32:25,,,,,,
479,360,PETTERSSON,Michael,MA40H,00:00:13,01:20:36,02:35:55,05:01:51,07:35:57,10:06:49,13:03:13,,,,,,
480,361,LAGERGREN,Pernilla,MA50F,00:00:13,01:20:21,02:35:49,05:01:39,07:35:55,10:06:45,13:03:14,,,,,,
481,95,SOARES GOMES,Celestino Gomes,MA40H,00:00:13,01:17:14,02:31:45,04:51:53,07:29:15,09:58:22,13:10:21,,,,,,
482,703,BEREZOWSKI,Tomasz,MA30H,00:00:13,01:14:21,02:23:40,04:47:53,07:07:40,09:46:51,13:15:48,,,,,,
483,248,KADDOUR MEDEROS,Jose Manuel,MA50H,00:00:13,01:21:41,02:43:37,05:30:06,08:11:28,10:52:33,13:18:12,,,,,,
484,418,RODRÍGUEZ MARRERO,Armide Agoney,MA30H,00:00:13,01:24:10,02:53:12,05:31:10,08:03:06,10:21:02,13:28:24,,,,,,
485,702,CASCALES DÍAZ,Ana María,MA50F,00:00:13,01:23:32,02:39:49,05:10:15,07:50:44,10:14:31,13:54:38,,,,,,
486,318,FOURNERON,Virginia,MA50F,00:00:13,01:25:17,02:55:01,05:28:38,08:04:00,10:26:52,14:01:57,,,,,,
487,671,EVÉN,Stefan,MA40H,00:00:13,01:28:37,02:51:17,05:27:28,07:52:34,10:18:36,14:12:05,,,,,,
488,422,BELISARIO,Troy,MA40H,00:00:13,01:24:39,02:42:25,05:10:54,07:45:40,10:30:59,14:14:39,,,,,,
489,253,MCSTAY,Elsbeth,MA30F,00:00:13,01:25:06,02:50:07,05:28:17,08:09:28,10:39:32,14:23:24,,,,,,
490,553,SCHNEIDER,Andreas,VE H,00:00:13,01:34:52,,05:52:00,08:40:40,11:07:47,14:44:01,,,,,,
491,618,OLLEVIER,Mario,MA50H,00:00:13,01:28:56,02:59:51,05:44:00,08:31:07,11:25:13,15:03:26,,,,,,
492,627,VÄLIPIRTTI,Vesa,VE H,00:00:13,01:30:41,03:04:44,05:56:34,08:39:14,11:14:19,15:08:51,,,,,,
493,267,JANSSENS,Rudi,MA50H,00:00:13,01:26:42,02:54:25,05:38:10,08:35:25,11:34:28,15:29:27,,,,,,
494,132,PILLEY,Morgan,MA30H,00:00:13,00:51:13,01:37:33,03:08:53,05:14:21,07:37:52,,,,,,,
495,127,NUEZ CRUZ,Antonio Jesus,MA40H,00:00:13,01:04:20,02:04:13,03:56:28,05:55:56,07:48:37,,,,,,,
496,460,CALVO RUBIO,Jesus,MA40H,00:00:13,01:20:08,02:34:43,04:57:33,07:23:10,09:53:21,,,,,,,
497,74,HARDENNE,Frédérick,MA50H,00:00:13,01:19:27,02:33:03,04:50:52,07:19:14,09:56:48,,,,,,,
498,684,BOYDENS,Wim,MA30H,00:00:13,01:32:36,03:06:20,06:02:52,08:55:07,11:37:03,,,,,,,
499,692,SATHER,Charles,MA40H,00:00:13,01:40:40,03:28:36,06:17:54,09:00:51,11:44:54,,,,,,,
500,630,REYES RODRÍGUEZ,Javier,MA30H,00:00:13,01:24:28,02:50:09,05:48:00,08:45:54,11:30:22,,,,,,,
501,113,ROTA,Sylvain,MA30H,00:00:13,00:52:41,01:38:48,03:03:44,04:40:44,,,,,,,,
502,31,URBINA,Alex,MA30H,00:00:13,00:55:00,01:46:03,03:16:14,04:53:25,,,,,,,,
503,119,MARRERO PÉREZ,Roberto,MA40H,00:00:13,01:00:47,01:55:48,03:34:59,05:16:47,,,,,,,,
504,32,FRAGUELA BREIJO,Alejandro,MA40H,00:00:13,00:56:23,01:48:15,03:28:35,05:43:00,,,,,,,,
505,469,PEREZ PEREZ,Oliver Fernando,MA40H,00:00:13,01:06:36,02:04:39,04:04:41,06:03:24,,,,,,,,
506,75,ALBERTOS MOLINA,Sergio,MA30H,00:00:13,01:02:03,01:57:14,03:41:20,06:13:28,,,,,,,,
507,100,BARRETO CONCEPCIÓN,Daniel,MA30H,00:00:13,01:09:47,02:13:07,04:14:57,06:25:30,,,,,,,,
508,323,FRICKER,Oliver,MA40H,00:00:13,01:17:05,02:27:19,04:40:05,06:54:11,,,,,,,,
509,401,MONAGAS DOMINGUEZ,Javier,MA30H,00:00:13,01:18:18,02:31:56,04:42:10,06:58:21,,,,,,,,
510,211,ORIVES GÓMEZ,Eva,MA40F,00:00:13,01:23:11,02:42:35,05:07:10,07:29:39,,,,,,,,
511,680,WEBER,Markus,MA40H,00:00:13,01:19:32,02:36:39,05:11:27,07:50:03,,,,,,,,
512,441,MARTIN,Gaetan,MA30H,00:00:13,01:26:03,02:48:30,05:13:17,08:07:30,,,,,,,,
513,343,PENALVA SOLA,Josep,MA50H,00:00:13,01:18:16,02:34:48,05:07:15,08:17:39,,,,,,,,
514,611,SANTANA RODRÍGUEZ,Jonathan Carlos,MA40H,00:00:13,01:24:56,02:49:53,05:31:20,08:34:36,,,,,,,,
515,451,GONZÁLEZ PEÑA,Raul,MA40H,00:00:13,01:16:27,02:29:19,05:23:14,08:38:19,,,,,,,,
516,57,RODRÍGUEZ GONZÁLEZ,Román,MA40H,00:00:13,01:34:29,03:02:25,06:05:44,08:51:02,,,,,,,,
517,502,RAMOS FERNANDEZ,Manuel,MA50H,00:00:13,01:32:19,03:02:28,05:52:39,09:00:55,,,,,,,,
518,616,JESCHKA,Jerry,MA50H,00:00:13,01:35:48,03:13:44,06:08:41,09:01:08,,,,,,,,
519,365,KEITA,Ibrahim,MA30H,00:00:13,01:28:52,03:05:34,05:57:55,09:08:16,,,,,,,,
520,637,CONNOLLY,Jill,MA30F,00:00:13,01:30:10,03:02:24,06:01:18,09:08:57,,,,,,,,
521,643,KLOPOTOWSKA,Beata,MA40F,00:00:13,01:35:10,03:13:18,06:17:55,09:10:44,,,,,,,,
522,675,QUESADA QUESADA,Ismael,MA50H,00:00:13,01:40:36,03:30:24,06:17:44,09:13:08,,,,,,,,
523,688,TERVO-NIEMELÄ,Kati,MA50F,00:00:13,01:42:08,03:21:23,06:19:46,09:19:05,,,,,,,,
524,658,YU,Wei,MA30F,00:00:13,01:41:01,03:21:30,06:30:14,09:28:59,,,,,,,,
525,206,MCWILLIAMS,Louise,MA50F,00:00:13,01:35:26,03:23:00,06:21:04,09:29:12,,,,,,,,
526,284,LANGELEZ,Olivier,MA40H,00:00:13,01:30:34,03:02:35,05:48:17,09:31:38,,,,,,,,
527,624,MARAÑÓN BOLÍVAR,Francisco,VE H,00:00:13,01:43:37,03:22:57,06:25:05,09:39:17,,,,,,,,
528,685,WARIBOKO,Matthias,MA30H,00:00:13,01:36:29,03:04:27,06:27:27,09:39:32,,,,,,,,
529,711,JOHANNES,Sebastien,MA40H,00:00:13,01:26:12,02:49:08,06:36:32,10:05:58,,,,,,,,
530,700,AGÜERA GONZÁLEZ,Francisco,MA50H,00:00:13,01:40:35,03:19:25,06:33:48,10:10:42,,,,,,,,
531,305,HANSSEN,Remi,MA50H,00:00:13,01:16:35,02:29:14,04:57:04,,,,,,,,,
532,338,CASTRILLO PIÑERO,Ricardo Javier,MA50H,00:00:13,01:16:01,02:29:03,04:58:17,,,,,,,,,
533,435,SUÁREZ GIRALDO,Alexis,MA30H,00:00:13,01:23:48,02:43:51,05:31:10,,,,,,,,,
534,425,TEJERA HERNÁNDEZ,Darío,EL H,00:00:13,01:20:16,02:39:57,05:45:09,,,,,,,,,
535,431,KABISCH,Steffen,MA40H,00:00:13,01:39:41,03:24:21,07:03:51,,,,,,,,,
536,607,GALEOTE ARENAS,María Araceli,MA30F,00:00:13,01:53:33,03:53:05,07:27:53,,,,,,,,,
537,608,BERMEJO GONZALEZ,Belen,MA30F,00:00:13,01:53:37,03:52:55,07:28:02,,,,,,,,,
538,116,ESTUPIÑÁN QUEVEDO,Néstor,MA40H,00:00:13,00:59:24,01:55:34,,,,,,,,,,
539,12,SEVILLANO GUERRA,Sandra,MA30F,00:00:13,00:58:26,01:56:16,,,,,,,,,,
540,11,KARLSSON,Anna,MA30F,00:00:13,01:00:36,02:01:03,,,,,,,,,,
541,145,CRESPO ALEMAN,Adonay,MA30H,00:00:13,01:00:58,01:56:57,,,,,,,,,,
542,400,HERRERO FERRANDEZ,Jose Manuel,MA40H,00:00:13,01:07:40,02:10:59,,,,,,,,,,
543,303,HERNÁNDEZ MEDINA,Marcos J,MA40H,00:00:13,01:07:57,02:11:38,,,,,,,,,,
544,383,SERRAZINA,Jorge,VE H,00:00:13,01:13:07,02:23:10,,,,,,,,,,
545,275,ALBA LORENZO,Antonio,MA50H,00:00:13,01:16:36,02:28:15,,,,,,,,,,
546,300,GONZALEZ GIL,Noemi,MA30F,00:00:13,01:14:48,02:30:34,,,,,,,,,,
547,262,GRILHE,Severine,MA50F,00:00:13,01:21:45,02:39:50,,,,,,,,,,
548,231,CALABUIG BELDA,Juan Bta,MA40H,00:00:13,01:17:19,02:39:26,,,,,,,,,,
549,125,TUKK,Kristel,MA40F,00:00:13,01:25:09,02:48:40,,,,,,,,,,
550,226,FERRER PLANA,Josep,MA50H,00:00:13,01:25:07,02:51:00,,,,,,,,,,
551,691,PAVIA,Rui,MA30H,00:00:13,01:21:06,02:53:53,,,,,,,,,,
552,112,BRZESKI,Szczepan,MA40H,00:00:13,01:25:37,02:54:23,,,,,,,,,,
553,381,PENHOUET,Emmanuel,MA50H,00:00:13,01:19:11,02:39:55,,,,,,,,,,
554,619,BENÍTEZ VEGA,Antonio Nizardo,MA50H,00:00:13,01:26:15,03:01:37,,,,,,,,,,
555,538,FAZEKAS,Jozsef,MA30H,00:00:13,01:29:17,03:02:34,,,,,,,,,,
556,653,FIGUEROLA CURTO,Toni,MA50H,00:00:13,01:43:14,03:20:41,,,,,,,,,,
